This file contains any messages produced by compilers while
running configure, to aid debugging if configure makes a mistake.

It was created by acl configure 2.3.1, which was
generated by GNU Autoconf 2.71.  Invocation command line was

  $ ../acl-2.3.1/configure --build=x86_64-linux --host=arm-poky-linux-gnueabi --target=arm-poky-linux-gnueabi --prefix=/usr --exec_prefix=/usr --bindir=/usr/bin --sbindir=/usr/sbin --libexecdir=/usr/libexec --datadir=/usr/share --sysconfdir=/etc --sharedstatedir=/com --localstatedir=/var --libdir=/usr/lib --includedir=/usr/include --oldincludedir=/usr/include --infodir=/usr/share/info --mandir=/usr/share/man --disable-silent-rules --disable-dependency-tracking --with-libtool-sysroot=/home/vinh/Yocto/poky/build-vinh/tmp/work/cortexa8hf-neon-poky-linux-gnueabi/acl/2.3.1-r0/recipe-sysroot --disable-static --enable-nls

## --------- ##
## Platform. ##
## --------- ##

hostname = vinh-Inspiron-15-3520
uname -m = x86_64
uname -r = 6.8.0-101-generic
uname -s = Linux
uname -v = #101~22.04.1-Ubuntu SMP PREEMPT_DYNAMIC Wed Feb 11 13:19:54 UTC 

/usr/bin/uname -p = x86_64
/bin/uname -X     = unknown

/bin/arch              = x86_64
/usr/bin/arch -k       = unknown
/usr/convex/getsysinfo = unknown
/usr/bin/hostinfo      = unknown
/bin/machine           = unknown
/usr/bin/oslevel       = unknown
/bin/universe          = unknown

PATH: /home/vinh/Yocto/poky/build-vinh/tmp/sysroots-uninative/x86_64-linux/usr/bin/
PATH: /home/vinh/Yocto/poky/scripts/
PATH: /home/vinh/Yocto/poky/build-vinh/tmp/work/cortexa8hf-neon-poky-linux-gnueabi/acl/2.3.1-r0/recipe-sysroot-native/usr/bin/arm-poky-linux-gnueabi/
PATH: /home/vinh/Yocto/poky/build-vinh/tmp/work/cortexa8hf-neon-poky-linux-gnueabi/acl/2.3.1-r0/recipe-sysroot/usr/bin/crossscripts/
PATH: /home/vinh/Yocto/poky/build-vinh/tmp/work/cortexa8hf-neon-poky-linux-gnueabi/acl/2.3.1-r0/recipe-sysroot-native/usr/sbin/
PATH: /home/vinh/Yocto/poky/build-vinh/tmp/work/cortexa8hf-neon-poky-linux-gnueabi/acl/2.3.1-r0/recipe-sysroot-native/usr/bin/
PATH: /home/vinh/Yocto/poky/build-vinh/tmp/work/cortexa8hf-neon-poky-linux-gnueabi/acl/2.3.1-r0/recipe-sysroot-native/sbin/
PATH: /home/vinh/Yocto/poky/build-vinh/tmp/work/cortexa8hf-neon-poky-linux-gnueabi/acl/2.3.1-r0/recipe-sysroot-native/bin/
PATH: /home/vinh/Yocto/poky/bitbake/bin/
PATH: /home/vinh/Yocto/poky/build-vinh/tmp/hosttools/


## ----------- ##
## Core tests. ##
## ----------- ##

configure:2116: loading site script /home/vinh/Yocto/poky/meta/site/endian-little
| ac_cv_c_littleendian=${ac_cv_c_littleendian=yes}
| ac_cv_c_bigendian=${ac_cv_c_bigendian=no}
| 
| # libnet
| ac_cv_libnet_endianess=${ac_cv_libnet_endianess=lil}
| 
| # libmemcached
| ac_cv_c_endian=little
configure:2116: loading site script /home/vinh/Yocto/poky/meta/site/arm-common
| # general
| ac_cv_va_val_copy=${ac_cv_va_val_copy=yes}
| ac_cv_func_lstat_dereferences_slashed_symlink=${ac_cv_func_lstat_dereferences_slashed_symlink=yes}
| ac_cv_func_lstat_empty_string_bug=${ac_cv_func_lstat_empty_string_bug=no}
| ac_cv_func_stat_empty_string_bug=${ac_cv_func_stat_empty_string_bug=no}
| ac_cv_func_stat_ignores_trailing_slash=${ac_cv_func_stat_ignores_trailing_slash=no}
| 
| # bash
| ac_cv_c_long_double=${ac_cv_c_long_double=yes}
| bash_cv_func_sigsetjmp=${bash_cv_func_sigsetjmp=missing}
| 
| # coreutils
| utils_cv_sys_open_max=${utils_cv_sys_open_max=1019}
| 
| # cvs
| cvs_cv_func_printf_ptr=${cvs_cv_func_printf_ptr=yes}
| 
| # db (sleepycat)
| db_cv_fcntl_f_setfd=${db_cv_fcntl_f_setfd=yes}
| db_cv_sprintf_count=${db_cv_sprintf_count=yes}
| db_cv_align_t=${db_cv_align_t='unsigned long long'}
| db_cv_alignp_t=${db_cv_alignp_t='unsigned long'}
| 
| # D-BUS
| ac_cv_func_posix_getpwnam_r=${ac_cv_func_posix_getpwnam_r=yes}
| 
| # edb
| db_cv_spinlocks=${db_cv_spinlocks=no}
| 
| # ettercap
| ettercap_cv_type_socklen_t=${ettercap_cv_type_socklen_t=yes}
| 
| # fget
| compat_cv_func_snprintf_works=${compat_cv_func_snprintf_works=yes}
| compat_cv_func_basename_works=${compat_cv_func_basename_works=no}
| compat_cv_func_dirname_works=${compat_cv_func_dirname_works=no}
| 
| # fnmatch
| ac_cv_func_fnmatch_works=${ac_cv_func_fnmatch_works=yes}
| 
| # gettext
| am_cv_func_working_getline=${am_cv_func_working_getline=yes}
| 
| # glib
| glib_cv_stack_grows=${glib_cv_stack_grows=no}
| glib_cv_uscore=${glib_cv_uscore=no}
| glib_cv_use_pid_surrogate=${glib_cv_use_pid_surrogate=yes}
| glib_cv_has__inline=${glib_cv_has__inline=yes}
| glib_cv_has__inline__=${glib_cv_has__inline__=yes}
| glib_cv_hasinline=${glib_cv_hasinline=yes}
| glib_cv_sane_realloc=${glib_cv_sane_realloc=yes}
| glib_cv_uscore=${glib_cv_uscore=no}
| glib_cv_va_val_copy=${glib_cv_va_val_copy=yes}
| glib_cv_rtldglobal_broken=${glib_cv_rtldglobal_broken=no}
| glib_cv_sys_pthread_mutex_trylock_posix=${glib_cv_sys_pthread_mutex_trylock_posix=yes}
| glib_cv_sys_pthread_getspecific_posix=${glib_cv_sys_pthread_getspecific_posix=yes}
| glib_cv_sys_pthread_cond_timedwait_posix=${glib_cv_sys_pthread_cond_timedwait_posix=yes}
| 
| # glib-2.0
| glib_cv_long_long_format=${glib_cv_long_long_format=ll}
| glib_cv_sys_use_pid_niceness_surrogate=${glib_cv_sys_use_pid_niceness_surrogate=yes}
| 
| #gstreamer
| as_cv_unaligned_access=${as_cv_unaligned_access=no}
| 
| # httppc
| ac_cv_strerror_r_SUSv3=${ac_cv_strerror_r_SUSv3=no}
| 
| # lftp
| ac_cv_need_trio=${ac_cv_need_trio=no}
| lftp_cv_va_val_copy=${lftp_cv_va_val_copy=yes}
| 
| # libesmtp
| acx_working_snprintf=${acx_working_snprintf=yes}
| 
| # libnet 
| ac_libnet_have_packet_socket=${ac_libnet_have_packet_socket=yes}
| 
| # libpcap
| ac_cv_linux_vers=${ac_cv_linux_vers=2}
| 
| # libxfce4util
| with_broken_putenv=${with_broken_putenv=no}
| 
| # links
| ac_cv_lib_png_png_create_info_struct=${ac_cv_lib_png_png_create_info_struct=yes}
| 
| # mysql
| mysql_cv_func_atomic_sub=${mysql_cv_func_atomic_sub=no}
| mysql_cv_func_atomic_add=${mysql_cv_func_atomic_add=no}
| 
| # nano
| ac_cv_regexec_segfault_emptystr=${ac_cv_regexec_segfault_emptystr=no}
| nano_cv_func_regexec_segv_emptystr=${nano_cv_func_regexec_segv_emptystr=no}
| 
| # php
| ac_cv_pread=${ac_cv_pread=no}
| ac_cv_pwrite=${ac_cv_pwrite=no}
| php_cv_lib_cookie_io_functions_use_off64_t=${php_cv_lib_cookie_io_functions_use_off64_t=yes}
| 
| # rsync
| rsync_cv_HAVE_BROKEN_LARGEFILE=${rsync_cv_HAVE_BROKEN_LARGEFILE=no}
| rsync_cv_HAVE_SOCKETPAIR=${rsync_cv_HAVE_SOCKETPAIR=yes}
| rsync_cv_HAVE_LONGLONG=${rsync_cv_HAVE_LONGLONG=yes}
| rsync_cv_HAVE_OFF64_T=${rsync_cv_HAVE_OFF64_T=no}
| rsync_cv_HAVE_SHORT_INO_T=${rsync_cv_HAVE_SHORT_INO_T=no}
| rsync_cv_HAVE_UNSIGNED_CHAR=${rsync_cv_HAVE_UNSIGNED_CHAR=no}
| rsync_cv_HAVE_BROKEN_READDIR=${rsync_cv_HAVE_BROKEN_READDIR=no}
| rsync_cv_HAVE_GETTIMEOFDAY_TZ=${rsync_cv_HAVE_GETTIMEOFDAY_TZ=yes}
| rsync_cv_HAVE_SECURE_MKSTEMP=${rsync_cv_HAVE_SECURE_MKSTEMP=yes}
| rsync_cv_REPLACE_INET_NTOA=${rsync_cv_REPLACE_INET_NTOA=no}
| rsync_cv_REPLACE_INET_ATON=${rsync_cv_REPLACE_INET_ATON=no}
| 
| # screen
| screen_cv_sys_bcopy_overlap=${screen_cv_sys_bcopy_overlap=no}
| screen_cv_sys_memcpy_overlap=${screen_cv_sys_memcpy_overlap=no}
| screen_cv_sys_memmove_overlap=${screen_cv_sys_memmove_overlap=no}
| screen_cv_sys_fifo_broken_impl=${screen_cv_sys_fifo_broken_impl=yes}
| screen_cv_sys_fifo_usable=${screen_cv_sys_fifo_usable=yes}
| screen_cv_sys_select_broken_retval=${screen_cv_sys_select_broken_retval=no}
| screen_cv_sys_sockets_nofs=${screen_cv_sys_sockets_nofs=no}
| screen_cv_sys_sockets_usable=${screen_cv_sys_sockets_usable=yes}
| screen_cv_sys_terminfo_used=${screen_cv_sys_terminfo_used=yes}
| 
| # slrn
| slrn_cv_va_val_copy=${slrn_cv_va_val_copy=yes}
| 
| # socat
| ac_cv_ispeed_offset=${ac_cv_ispeed_offset=13}
| sc_cv_termios_ispeed=${sc_cv_termios_ispeed=yes}
| 
| # ssh
| ac_cv_have_space_d_name_in_struct_dirent=${ac_cv_dirent_have_space_d_name=yes}
| ac_cv_have_broken_snprintf=${ac_cv_have_broken_snprintf=no}
| ac_cv_have_accrights_in_msghdr=${ac_cv_have_accrights_in_msghdr=no}
| ac_cv_have_control_in_msghdr=${ac_cv_have_control_in_msghdr=yes}
| ac_cv_have_openpty_ctty_bug=${ac_cv_have_openpty_ctty_bug=yes}
| 
| # startup-notification
| lf_cv_sane_realloc=yes
| 
| # xffm
| jm_cv_func_working_readdir=yes
| 
| # evolution-data-server
| ac_cv_libiconv_utf8=${ac_cv_libiconv_utf8=yes}
| 
configure:2116: loading site script /home/vinh/Yocto/poky/meta/site/arm-32
| # definitions assuming 32-bit arm architecture
| 
| # apache
| ac_cv_sizeof_size_t=${ac_cv_sizeof_size_t=4}
| ac_cv_sizeof_ssize_t=${ac_cv_sizeof_ssize_t=4}
| 
| # glib
| glib_cv_sizeof_gmutex=${glib_cv_sizeof_gmutex=24}
| glib_cv_sizeof_system_thread=${glib_cv_sizeof_system_thread=4}
| glib_cv_sizeof_gmutex=${glib_cv_sizeof_gmutex=24}
| 
| # glib-2.0
| glib_cv_sizeof_gmutex=${glib_cv_sizeof_gmutex=24}
| glib_cv_sizeof_intmax_t=${glib_cv_sizeof_intmax_t=8}
| glib_cv_sizeof_ptrdiff_t=${glib_cv_sizeof_ptrdiff_t=4}
| glib_cv_sizeof_size_t=${glib_cv_sizeof_size_t=4}
| glib_cv_sizeof_system_thread=${glib_cv_sizeof_system_thread=4}
| ac_cv_alignof_guint32=4
| ac_cv_alignof_guint64=8
| ac_cv_alignof_unsigned_long=4
| 
| # jikes
| ac_cv_sizeof_wchar_t=4
| 
| # at-spi2-core
| ac_cv_alignof_char=1
| ac_cv_alignof_dbind_pointer=4
| ac_cv_alignof_dbind_struct=1
| ac_cv_alignof_dbus_bool_t=4
| ac_cv_alignof_dbus_int16_t=2
| ac_cv_alignof_dbus_int32_t=4
| ac_cv_alignof_dbus_int64_t=8
| ac_cv_alignof_double=8
configure:2116: loading site script /home/vinh/Yocto/poky/meta/site/common-linux
| # gettext - these add sleep delays otherwise
| gl_cv_func_sleep_works=${gl_cv_func_sleep_works=yes}
| gl_cv_header_working_fcntl_h=${gl_cv_header_working_fcntl_h=yes}
| # the euc-jp tests in iconv.m4 break elfutils and libunistring depending on the
| # host locales installed. Avoid this by skipping the tests, we're not on HP-UX!
| am_cv_func_iconv_works=${am_cv_func_iconv_works=yes}
| 
| # apr
| ac_cv_file__dev_zero=${ac_cv_file__dev_zero=yes}
| ac_cv_sizeof_pid_t=${ac_cv_sizeof_pid_t=4}
| ac_cv_func_pthread_key_delete=${ac_cv_func_pthread_key_delete=yes}
| apr_cv_tcp_nodelay_with_cork=${apr_cv_tcp_nodelay_with_cork=yes}
| apr_cv_process_shared_works=${apr_cv_process_shared_works=no}
| 
| # samba
| samba_cv_HAVE_IFACE_AIX=${samba_cv_HAVE_IFACE_AIX=no}
| samba_cv_HAVE_IFACE_IFCONF=${samba_cv_HAVE_IFACE_IFCONF=yes}
| samba_cv_HAVE_IFACE_IFREQ=${samba_cv_HAVE_IFACE_IFREQ=yes}
| samba_cv_HAVE_IRIX_SPECIFIC_CAPABILITIES=${samba_cv_HAVE_IRIX_SPECIFIC_CAPABILITIES=no}
| 
| # db
| db_cv_path_ar=${db_cv_path_ar=/usr/bin/ar}
| db_cv_path_chmod=${db_cv_path_chmod=/bin/chmod}
| db_cv_path_cp=${db_cv_path_cp=/bin/cp}
| db_cv_path_ln=${db_cv_path_ln=/bin/ln}
| db_cv_path_mkdir=${db_cv_path_mkdir=/bin/mkdir}
| db_cv_path_ranlib=${db_cv_path_ranlib=/usr/bin/ranlib}
| db_cv_path_rm=${db_cv_path_rm=/bin/rm}
| db_cv_path_sh=${db_cv_path_sh=/bin/sh}
| db_cv_path_strip=${db_cv_path_strip=/usr/bin/strip}
| 
| # bash
| bash_cv_have_mbstate_t=${bash_cv_have_mbstate_t=yes}
| bash_cv_must_reinstall_sighandlers=${bash_cv_must_reinstall_sighandlers=no}
| bash_cv_func_strcoll_broken=${bash_cv_func_strcoll_broken=no}
| bash_cv_dup2_broken=${bash_cv_dup2_broken=no}
| bash_cv_opendir_not_robust=${bash_cv_opendir_not_robust=no}
| bash_cv_type_rlimit=${bash_cv_type_rlimit=rlim_t}
| bash_cv_getenv_redef=${bash_cv_getenv_redef=yes}
| bash_cv_ulimit_maxfds=${bash_cv_ulimit_maxfds=yes}
| bash_cv_getcwd_calls_popen=${bash_cv_getcwd_calls_popen=no}
| bash_cv_printf_a_format=${bash_cv_printf_a_format=yes}
| bash_cv_pgrp_pipe=${bash_cv_pgrp_pipe=no}
| bash_cv_job_control_missing=${bash_cv_job_control_missing=present}
| bash_cv_sys_named_pipes=${bash_cv_sys_named_pipes=present}
| bash_cv_unusable_rtsigs=${bash_cv_unusable_rtsigs=no}
| 
| # ccache
| hw_cv_func_snprintf_c99=${hw_cv_func_snprintf_c99=yes}
| hw_cv_func_vsnprintf_c99=${hw_cv_func_vsnprintf_c99=yes}
| 
| # coreutils
| ac_cv_func_chown_works=${ac_cv_func_chown_works=yes}
| ac_cv_func_utime_null=${ac_cv_func_utime_null=yes}
| gl_cv_func_fstatat_zero_flag=${gl_cv_func_fstatat_zero_flag=yes}
| gl_cv_func_link_follows_symlink=${gl_cv_func_link_follows_symlink=no}
| gl_cv_func_unlink_busy_text=${gl_cv_func_unlink_busy_text=yes}
| gl_cv_have_proc_uptime=${gl_cv_have_proc_uptime=yes}
| gl_cv_pipes_are_fifos=${gl_cv_pipes_are_fifos='yes (1)'}
| 
| # mysql
| ac_cv_sys_restartable_syscalls=${ac_cv_sys_restartable_syscalls=yes}
| ac_cv_conv_longlong_to_float=${ac_cv_conv_longlong_to_float=yes}
| 
| # TCL
| tcl_cv_api_serial=${tcl_cv_api_serial=termios}
| 
| # python
| ac_cv_have_long_long_format=yes
| 
| # apache
| ac_cv_o_nonblock_inherited=${ac_cv_o_nonblock_inherited=no}
| 
| # rsync
| rsync_cv_HAVE_C99_VSNPRINTF=${rsync_cv_HAVE_C99_VSNPRINTF=yes}
configure:2116: loading site script /home/vinh/Yocto/poky/meta/site/common-glibc
| # general
| ac_cv_func_calloc_0_nonnull=${ac_cv_func_calloc_0_nonnull=yes}
| ac_cv_func_realloc_works=${ac_cv_func_realloc_works=yes}
| ac_cv_func_realloc_0_nonnull=${ac_cv_func_realloc_0_nonnull=yes}
| ac_cv_func_malloc_works=${ac_cv_func_malloc_works=yes}
| ac_cv_func_malloc_0_nonnull=${ac_cv_func_malloc_0_nonnull=yes}
| ac_cv_func_memcmp_working=${ac_cv_func_memcmp_working=yes}
| ac_cv_func_getpgrp_void=yes
| ac_cv_func_setpgrp_void=yes
| ac_cv_func_setgrent_void=yes
| ac_cv_func_getgrgid_r=${ac_cv_func_getgrgid_r=yes}
| ac_cv_func_getpwuid_r=${ac_cv_func_getpwuid_r=yes}
| ac_cv_func_posix_getpwuid_r=${ac_cv_func_posix_getpwuid_r=yes}
| ac_cv_func_posix_getgrgid_r=${ac_cv_func_posix_getgrgid_r=yes}
| ac_cv_type_uid_t={ac_cv_type_uid_t=yes}
| ac_cv_func_getaddrinfo=${ac_cv_func_getaddrinfo=yes}
| ac_cv_func_strtod=${ac_cv_func_strtod=yes}
| 
| # bash
| bash_cv_getcwd_malloc=${bash_cv_getcwd_malloc=yes}
| 
| # clamav
| clamav_av_func_working_snprintf_long=${clamav_av_func_working_snprintf_long=yes}
| clamav_av_have_in_port_t=${clamav_av_have_in_port_t=yes}
| clamav_av_have_in_addr_t=${clamav_av_have_in_addr_t=yes}
| ac_cv_func_mmap_fixed_mapped=${ac_cv_func_mmap_fixed_mapped=yes}
| 
| # coreutils
| fu_cv_sys_stat_statfs2_bsize=${fu_cv_sys_stat_statfs2_bsize=yes}
| gl_cv_func_getcwd_abort_bug=${gl_cv_func_getcwd_abort_bug=no}
| gl_cv_func_getcwd_null=${gl_cv_func_getcwd_null=yes}
| gl_cv_func_getcwd_path_max=${gl_cv_func_getcwd_path_max=yes}
| ac_cv_func_getgroups_works=${ac_cv_func_getgroups_works=yes}
| gl_cv_func_nanosleep=${gl_cv_func_nanosleep='no (mishandles large arguments)'}
| gl_cv_func_working_mkstemp=${gl_cv_func_working_mkstemp=yes}
| gl_cv_func_working_mktime=${gl_cv_func_working_mktime=yes}
| gl_cv_func_working_utimes=${gl_cv_func_working_utimes=yes}
| 
| # glib
| glib_cv_strlcpy=${glib_cv_strlcpy=no}
| ac_cv_func_printf_unix98=${ac_cv_func_printf_unix98=yes}
| ac_cv_func_snprintf_c99=${ac_cv_func_snprintf_c99=yes}
| ac_cv_func_vsnprintf_c99=${ac_cv_func_vsnprintf_c99=yes}
| glib_cv_compliant_posix_memalign=${glib_cv_compliant_posix_memalign=1}
| glib_cv_long_long_format=${glib_cv_long_long_format=ll}
| # glib-1.x requires this and pkgconfig-native / pkgconfig-nativesdk use
| # that to avoid a dependency loop.
| glib_cv___va_copy=${glib_cv___va_copy=yes}
| glib_cv_va_copy=${glib_cv_va_copy=yes}
| glib_cv_have_qsort_r=${glib_cv_have_qsort_r=yes}
| 
| #dbus-glib
| ac_cv_have_abstract_sockets=${ac_cv_have_abstract_sockets=yes}
| 
| # gnucash
| am_cv_scanf_lld=${am_cv_scanf_lld=yes}
| 
| # guile
| ac_cv_func_pthread_attr_getstack=${ac_cv_func_pthread_attr_getstack=yes}
| 
| #gcc-zlib
| ac_cv_func_getpagesize=${ac_cv_func_getpagesize=yes}
| ac_cv_func_memcpy=${ac_cv_func_memcpy=yes}
| ac_cv_func_strerror=${ac_cv_func_strerror=yes}
| 
| # squid
| ac_cv_af_unix_large_dgram=${ac_cv_af_unix_large_dgram=yes}
| ac_cv_func_setresuid=${ac_cv_func_setresuid=yes}
| ac_cv_func_va_copy=${ac_cv_func_va_copy=yes}
| ac_cv_func___va_copy=${ac_cv_func___va_copy=yes}
| ac_cv_epoll_works=${ac_cv_epoll_works=yes}
| 
| ac_cv_check_sjlj=ssjlj
| 
| # m4
| gt_cv_locale_fr=${gt_cv_locale_fr=fr_FR}
| gl_cv_func_btowc_eof=${gl_cv_func_btowc_eof=yes}
| gl_cv_func_wcrtomb_retval=${gl_cv_func_wcrtomb_retval=yes}
| gl_cv_func_wctob_works=${gl_cv_func_wctob_works=yes}
| gl_cv_func_mbrtowc_incomplete_state=${gl_cv_func_mbrtowc_incomplete_state=yes}
| gl_cv_func_mbrtowc_sanitycheck=${gl_cv_func_mbrtowc_sanitycheck=yes}
| gl_cv_func_mbrtowc_null_arg=${gl_cv_func_mbrtowc_null_arg=yes}
| gl_cv_func_mbrtowc_retval=${gl_cv_func_mbrtowc_retval=yes}
| gl_cv_func_mbrtowc_nul_retval=${gl_cv_func_mbrtowc_nul_retval=yes}
| 
| # va_copy and _va_copy
| ac_cv_va_copy=${ac_cv_va_copy=yes}
| ac_cv___va_copy=${ac_cv___va_copy=yes}
| ac_cv_func_va_copy=${ac_cv_func_va_copy=yes}
| ac_cv_func___va_copy=${ac_cv_func___va_copy=yes}
| 
| # Xorg
| xorg_cv_malloc0_returns_null=${xorg_cv_malloc0_returns_null=yes}
configure:2116: loading site script /home/vinh/Yocto/poky/meta/site/arm-linux
| ac_cv_func_setvbuf_reversed=no
| ac_cv_sizeof___int64=${ac_cv_sizeof___int64=0}
| ac_cv_sizeof_char=${ac_cv_sizeof_char=1}
| ac_cv_sizeof_wchar_t=${ac_cv_sizeof_wchar_t=1}
| ac_cv_sizeof_unsigned_char=${ac_cv_sizeof_unsigned_char=1}
| ac_cv_sizeof_char_p=${ac_cv_sizeof_int_p=4}
| ac_cv_sizeof_int=${ac_cv_sizeof_int=4}
| ac_cv_sizeof_int_p=${ac_cv_sizeof_int_p=4}
| ac_cv_sizeof_long=${ac_cv_sizeof_long=4}
| ac_cv_sizeof_long_int=${ac_cv_sizeof_long_int=4}
| ac_cv_sizeof_long_long=${ac_cv_sizeof_long_long=8}
| ac_cv_sizeof_short=${ac_cv_sizeof_short=2}
| ac_cv_sizeof_short_int=${ac_cv_sizeof_short_int=2}
| ac_cv_sizeof_size_t=${ac_cv_sizeof_size_t=4}
| ac_cv_sizeof_void_p=${ac_cv_sizeof_void_p=4}
| ac_cv_sizeof_long_p=${ac_cv_sizeof_long_p=4}
| ac_cv_sizeof_float=${ac_cv_sizeof_float=4}
| ac_cv_sizeof_double=${ac_cv_sizeof_double=8}
| ac_cv_sizeof_long_double=${ac_cv_sizeof_long_double=8}
| ac_cv_sizeof_ptrdiff_t=${glib_cv_sizeof_ptrdiff_t=4}
| ac_cv_sizeof_unsigned_short=${ac_cv_sizeof_unsigned_short=2}
| ac_cv_sizeof_unsigned=${ac_cv_sizeof_unsigned=4}
| ac_cv_sizeof_unsigned_int=${ac_cv_sizeof_unsigned_int=4}
| ac_cv_sizeof_unsigned_long=${ac_cv_sizeof_unsigned_long=4}
| ac_cv_sizeof_unsigned_long_long=${ac_cv_sizeof_unsigned_long_long=8}
| ac_cv_sizeof_signed_char=${ac_cv_sizeof_signed_char=1}
| 
| ac_cv_uchar=${ac_cv_uchar=no}
| ac_cv_uint=${ac_cv_uint=yes}
| ac_cv_ulong=${ac_cv_ulong=yes}
| ac_cv_ushort=${ac_cv_ushort=yes}
| ac_cv_time_r_type=${ac_cv_time_r_type=POSIX}
| 
| # samba
| samba_cv_BROKEN_NISPLUS_INCLUDE_FILES=${samba_cv_BROKEN_NISPLUS_INCLUDE_FILES=yes}
| samba_cv_BROKEN_REDHAT_7_SYSTEM_HEADERS=${samba_cv_BROKEN_REDHAT_7_SYSTEM_HEADERS=no}
| samba_cv_HAVE_BROKEN_FCNTL64_LOCKS=${samba_cv_HAVE_BROKEN_FCNTL64_LOCKS=no}
| samba_cv_HAVE_BROKEN_GETGROUPS=${samba_cv_HAVE_BROKEN_GETGROUPS=no}
| samba_cv_HAVE_BROKEN_LINUX_SENDFILE=${samba_cv_HAVE_BROKEN_LINUX_SENDFILE=yes}
| samba_cv_HAVE_BROKEN_READDIR=${samba_cv_HAVE_BROKEN_READDIR=yes}
| samba_cv_HAVE_BROKEN_READDIR_NAME=${samba_cv_HAVE_BROKEN_READDIR_NAME=no}
| samba_cv_HAVE_C99_VSNPRINTF=${samba_cv_HAVE_C99_VSNPRINTF=yes}
| samba_cv_HAVE_DEV64_T=${samba_cv_HAVE_DEV64_T=no}
| samba_cv_HAVE_DEVICE_MAJOR_FN=${samba_cv_HAVE_DEVICE_MAJOR_FN=yes}
| samba_cv_HAVE_DEVICE_MINOR_FN=${samba_cv_HAVE_DEVICE_MINOR_FN=yes}
| samba_cv_HAVE_DQB_FSOFTLIMIT=${samba_cv_HAVE_DQB_FSOFTLIMIT=no}
| samba_cv_HAVE_EXPLICIT_LARGEFILE_SUPPORT=${samba_cv_HAVE_EXPLICIT_LARGEFILE_SUPPORT=yes}
| samba_cv_HAVE_FAM_H=${samba_cv_HAVE_FAM_H=no}
| samba_cv_HAVE_FCNTL_LOCK=${samba_cv_HAVE_FCNTL_LOCK=yes}
| samba_cv_HAVE_FTRUNCATE_EXTEND=${samba_cv_HAVE_FTRUNCATE_EXTEND=yes}
| samba_cv_HAVE_FUNCTION_MACRO=${samba_cv_HAVE_FUNCTION_MACRO=yes}
| samba_cv_HAVE_GETTIMEOFDAY_TZ=${samba_cv_HAVE_GETTIMEOFDAY_TZ=yes}
| samba_cv_HAVE_INO64_T=${samba_cv_HAVE_INO64_T=no}
| samba_cv_HAVE_INT16_FROM_RPC_RPC_H=${samba_cv_HAVE_INT16_FROM_RPC_RPC_H=no}
| samba_cv_HAVE_INT32_FROM_RPC_RPC_H=${samba_cv_HAVE_INT32_FROM_RPC_RPC_H=no}
| samba_cv_HAVE_KERNEL_CHANGE_NOTIFY=${samba_cv_HAVE_KERNEL_CHANGE_NOTIFY=yes}
| samba_cv_HAVE_KERNEL_OPLOCKS_LINUX=${samba_cv_HAVE_KERNEL_OPLOCKS_LINUX=yes}
| samba_cv_HAVE_KERNEL_SHARE_MODES=${samba_cv_HAVE_KERNEL_SHARE_MODES=yes}
| samba_cv_HAVE_MAKEDEV=${samba_cv_HAVE_MAKEDEV=yes}
| samba_cv_HAVE_MMAP=${samba_cv_HAVE_MMAP=yes}
| samba_cv_HAVE_NATIVE_ICONV=${samba_cv_HAVE_NATIVE_ICONV=yes}
| samba_cv_HAVE_OFF64_T=${samba_cv_HAVE_OFF64_T=no}
| samba_cv_HAVE_ROOT=${samba_cv_HAVE_ROOT=yes}
| samba_cv_HAVE_RPC_AUTH_ERROR_CONFLICT=${samba_cv_HAVE_RPC_AUTH_ERROR_CONFLICT=no}
| samba_cv_HAVE_SECURE_MKSTEMP=${samba_cv_HAVE_SECURE_MKSTEMP=yes}
| samba_cv_HAVE_SENDFILE=${samba_cv_HAVE_SENDFILE=yes}
| samba_cv_HAVE_SENDFILE64=${samba_cv_HAVE_SENDFILE64=yes}
| samba_cv_HAVE_SOCK_SIN_LEN=${samba_cv_HAVE_SOCK_SIN_LEN=no}
| samba_cv_HAVE_STAT_ST_BLKSIZE=${samba_cv_HAVE_STAT_ST_BLKSIZE=yes}
| samba_cv_HAVE_STAT_ST_BLOCKS=${samba_cv_HAVE_STAT_ST_BLOCKS=yes}
| samba_cv_HAVE_STRUCT_DIR64=${samba_cv_HAVE_STRUCT_DIR64=no}
| samba_cv_HAVE_STRUCT_DIRENT64=${samba_cv_HAVE_STRUCT_DIRENT64=yes}
| samba_cv_HAVE_STRUCT_FLOCK64=${samba_cv_HAVE_STRUCT_FLOCK64=yes}
| samba_cv_HAVE_TRUNCATED_SALT=${samba_cv_HAVE_TRUNCATED_SALT=no}
| samba_cv_HAVE_UINT16_FROM_RPC_RPC_H=${samba_cv_HAVE_UINT16_FROM_RPC_RPC_H=no}
| samba_cv_HAVE_UINT32_FROM_RPC_RPC_H=${samba_cv_HAVE_UINT32_FROM_RPC_RPC_H=no}
| samba_cv_HAVE_UNSIGNED_CHAR=${samba_cv_HAVE_UNSIGNED_CHAR=yes}
| samba_cv_HAVE_UTIMBUF=${samba_cv_HAVE_UTIMBUF=yes}
| samba_cv_HAVE_UT_UT_ADDR=${samba_cv_HAVE_UT_UT_ADDR=yes}
| samba_cv_HAVE_UT_UT_EXIT=${samba_cv_HAVE_UT_UT_EXIT=yes}
| samba_cv_HAVE_UT_UT_HOST=${samba_cv_HAVE_UT_UT_HOST=yes}
| samba_cv_HAVE_UT_UT_ID=${samba_cv_HAVE_UT_UT_ID=yes}
| samba_cv_HAVE_UT_UT_NAME=${samba_cv_HAVE_UT_UT_NAME=yes}
| samba_cv_HAVE_UT_UT_PID=${samba_cv_HAVE_UT_UT_PID=yes}
| samba_cv_HAVE_UT_UT_TIME=${samba_cv_HAVE_UT_UT_TIME=yes}
| samba_cv_HAVE_UT_UT_TV=${samba_cv_HAVE_UT_UT_TV=yes}
| samba_cv_HAVE_UT_UT_TYPE=${samba_cv_HAVE_UT_UT_TYPE=yes}
| samba_cv_HAVE_UT_UT_USER=${samba_cv_HAVE_UT_UT_USER=yes}
| samba_cv_HAVE_UX_UT_SYSLEN=${samba_cv_HAVE_UX_UT_SYSLEN=no}
| samba_cv_HAVE_VA_COPY=${samba_cv_HAVE_VA_COPY=yes}
| samba_cv_HAVE_WORKING_AF_LOCAL=${samba_cv_HAVE_WORKING_AF_LOCAL=yes}
| samba_cv_HAVE_Werror=${samba_cv_HAVE_Werror=yes}
| samba_cv_PUTUTLINE_RETURNS_UTMP=${samba_cv_PUTUTLINE_RETURNS_UTMP=yes}
| samba_cv_QUOTA_WORKS=${samba_cv_QUOTA_WORKS=yes}
| samba_cv_REALPATH_TAKES_NULL=${samba_cv_REALPATH_TAKES_NULL=yes}
| samba_cv_REPLACE_GETPASS=${samba_cv_REPLACE_GETPASS=yes}
| samba_cv_REPLACE_INET_NTOA=${samba_cv_REPLACE_INET_NTOA=no}
| samba_cv_REPLACE_READDIR=${samba_cv_REPLACE_READDIR=no}
| samba_cv_RUN_QUOTA_TESTS=${samba_cv_RUN_QUOTA_TESTS=yes}
| samba_cv_SEEKDIR_RETURNS_VOID=${samba_cv_SEEKDIR_RETURNS_VOID=yes}
| samba_cv_SIZEOF_DEV_T=${samba_cv_SIZEOF_DEV_T=yes}
| samba_cv_SIZEOF_INO_T=${samba_cv_SIZEOF_INO_T=yes}
| samba_cv_SIZEOF_OFF_T=${samba_cv_SIZEOF_OFF_T=yes}
| samba_cv_SYSCONF_SC_NGROUPS_MAX=${samba_cv_SYSCONF_SC_NGROUPS_MAX=yes}
| samba_cv_SYSCONF_SC_NPROCESSORS_ONLN=${samba_cv_SYSCONF_SC_NPROCESSORS_ONLN=yes}
| samba_cv_SYSCONF_SC_NPROC_ONLN=${samba_cv_SYSCONF_SC_NPROC_ONLN=no}
| samba_cv_SYSCONF_SC_PAGESIZE=${samba_cv_SYSCONF_SC_PAGESIZE=yes}
| samba_cv_SYSQUOTA_FOUND=${samba_cv_SYSQUOTA_FOUND=yes}
| samba_cv_SYSQUOTA_WORKS=${samba_cv_SYSQUOTA_WORKS=yes}
| samba_cv_SYSQUOTA_WORKS_XFS=${samba_cv_SYSQUOTA_WORKS_XFS=yes}
| samba_cv_TRY_QUOTAS=${samba_cv_TRY_QUOTAS=no}
| samba_cv_TRY_SYS_QUOTAS=${samba_cv_TRY_SYS_QUOTAS=yes}
| samba_cv_USE_SETRESUID=${samba_cv_USE_SETRESUID=yes}
| samba_cv_WE_USE_SYS_QUOTAS=${samba_cv_WE_USE_SYS_QUOTAS=yes}
| samba_cv_WITH_AFS=${samba_cv_WITH_AFS=no}
| samba_cv_WITH_FAKE_KASERVER=${samba_cv_WITH_FAKE_KASERVER=no}
| samba_cv_WITH_QUOTAS=${samba_cv_WITH_QUOTAS=auto}
| samba_cv_WITH_SYS_QUOTAS=${samba_cv_WITH_SYS_QUOTAS=auto}
| samba_cv_WITH_VFS_AFSACL=${samba_cv_WITH_VFS_AFSACL=no}
| samba_cv_compiler_supports_ll=${samba_cv_compiler_supports_ll=yes}
| samba_cv_found_xfs_header=${samba_cv_found_xfs_header=yes}
| samba_cv_have_longlong=${samba_cv_have_longlong=yes}
| samba_cv_have_setresgid=${samba_cv_have_setresgid=yes}
| samba_cv_have_setresuid=${samba_cv_have_setresuid=yes}
| samba_cv_immediate_structures=${samba_cv_immediate_structures=yes}
| samba_cv_optimize_out_funcation_calls=${samba_cv_optimize_out_funcation_calls=yes}
| samba_cv_sig_atomic_t=${samba_cv_sig_atomic_t=yes}
| samba_cv_socklen_t=${samba_cv_socklen_t=yes}
| samba_cv_struct_timespec=${samba_cv_struct_timespec=yes}
| samba_cv_sysquotas_file=${samba_cv_sysquotas_file=lib/sysquotas_linux.c}
| samba_cv_unixsocket=${samba_cv_unixsocket=yes}
| samba_cv_volatile=${samba_cv_volatile=yes}
| 
| #older sambe defines
| samba_cv_USE_SETEUID=${samba_cv_USE_SETEUID=yes}
| samba_cv_USE_SETREUID=${samba_cv_USE_SETREUID=yes}
| samba_cv_USE_SETUIDX=${samba_cv_USE_SETUIDX=yes}
| samba_cv_LINUX_LFS_SUPPORT=${samba_cv_LINUX_LFS_SUPPORT=yes}
| 
| # clamav
| clamav_av_func_working_snprintf_long=${clamav_av_func_working_snprintf_long=yes}
| clamav_av_have_in_port_t=${clamav_av_have_in_port_t=yes}
| clamav_av_have_in_addr_t=${clamav_av_have_in_addr_t=yes}
| 
| #dbus
| ac_cv_have_abstract_sockets=${ac_cv_have_abstract_sockets=yes}
| 
| # lftp
| ac_cv_file___dev_ptc_=yes
| 
| # guile
| ac_cv_func_pthread_attr_getstack=${ac_cv_func_pthread_attr_getstack=yes}
| 
| # gnet
| ac_cv_member_struct_sockaddr_sa_len=${ac_cv_member_struct_sockaddr_sa_len=no}
| ac_cv_gnet_have_abstract_sockets=${ac_cv_gnet_have_abstract_sockets=no}
| gnet_sockaddr_family_field_name=${gnet_sockaddr_family_field_name=ss_family}
configure:2116: loading site script /home/vinh/Yocto/poky/meta/site/common
| # libelf
| mr_cv_target_elf=${mr_cv_target_elf=yes}
| 
| # Normally kernels have /dev/random enabled
| ac_cv_file__dev_random=${ac_cv_file__dev_random=yes}
| 
| # Avoid sudo to assume void for unsetenv in cross environment, or else it conflicts with
| # target stdlib.h prototype which follows POSIX compiliance. Mark for upstream.
| sudo_cv_func_unsetenv_void=no
| 
| # shadow dir info, to avoid searching build system
| shadow_cv_maildir=${localstatedir}/spool/mail
| shadow_cv_mailfile=Mailbox
| shadow_cv_utmpdir=${localstatedir}/run
| shadow_cv_logdir=${localstatedir}/log
| shadow_cv_passwd_dir=${bindir}
| 
| # python: deactivate a runtime check for ipv6-support in python >=2.7.1 that fails when cross-compiling
| ac_cv_buggy_getaddrinfo=no
| 
| ac_cv_path_SED=${ac_cv_path_SED=sed}
| 
| # General
| ac_cv_have_decl_sys_siglist=${ac_cv_have_decl_sys_siglist=no}
| 
| # bash
| bash_cv_under_sys_siglist=${bash_cv_under_sys_siglist=no}
| bash_cv_sys_siglist=${bash_cv_sys_siglist=no}
configure:2478: looking for aux files: config.rpath config.guess config.sub ltmain.sh ar-lib compile missing install-sh
configure:2491:  trying ../acl-2.3.1/build-aux/
configure:2520:   ../acl-2.3.1/build-aux/config.rpath found
configure:2520:   ../acl-2.3.1/build-aux/config.guess found
configure:2520:   ../acl-2.3.1/build-aux/config.sub found
configure:2520:   ../acl-2.3.1/build-aux/ltmain.sh found
configure:2520:   ../acl-2.3.1/build-aux/ar-lib found
configure:2520:   ../acl-2.3.1/build-aux/compile found
configure:2520:   ../acl-2.3.1/build-aux/missing found
configure:2502:   ../acl-2.3.1/build-aux/install-sh found
configure:2655: checking for a BSD-compatible install
configure:2728: result: /home/vinh/Yocto/poky/build-vinh/tmp/hosttools/install -c
configure:2739: checking whether build environment is sane
configure:2754: result: yes
configure:2801: checking for arm-poky-linux-gnueabi-strip
configure:2833: result: arm-poky-linux-gnueabi-strip
configure:2904: checking for a race-free mkdir -p
configure:2948: result: /home/vinh/Yocto/poky/build-vinh/tmp/hosttools/mkdir -p
configure:2955: checking for gawk
configure:2976: found /home/vinh/Yocto/poky/build-vinh/tmp/hosttools/gawk
configure:2987: result: gawk
configure:2998: checking whether make sets $(MAKE)
configure:3021: result: yes
configure:3051: checking whether make supports nested variables
configure:3069: result: yes
configure:3217: checking whether make supports nested variables
configure:3235: result: yes
configure:3264: checking for arm-poky-linux-gnueabi-gcc
configure:3296: result: arm-poky-linux-gnueabi-gcc  -mfpu=neon -mfloat-abi=hard -mcpu=cortex-a8 -fstack-protector-strong  -O2 -D_FORTIFY_SOURCE=2 -Wformat -Wformat-security -Werror=format-security --sysroot=/home/vinh/Yocto/poky/build-vinh/tmp/work/cortexa8hf-neon-poky-linux-gnueabi/acl/2.3.1-r0/recipe-sysroot
configure:3694: checking for C compiler version
configure:3703: arm-poky-linux-gnueabi-gcc  -mfpu=neon -mfloat-abi=hard -mcpu=cortex-a8 -fstack-protector-strong  -O2 -D_FORTIFY_SOURCE=2 -Wformat -Wformat-security -Werror=format-security --sysroot=/home/vinh/Yocto/poky/build-vinh/tmp/work/cortexa8hf-neon-poky-linux-gnueabi/acl/2.3.1-r0/recipe-sysroot --version >&5
arm-poky-linux-gnueabi-gcc (GCC) 11.5.0
Copyright (C) 2021 Free Software Foundation, Inc.
This is free software; see the source for copying conditions.  There is NO
warranty; not even for MERCHANTABILITY or FITNESS FOR A PARTICULAR PURPOSE.

configure:3714: $? = 0
configure:3703: arm-poky-linux-gnueabi-gcc  -mfpu=neon -mfloat-abi=hard -mcpu=cortex-a8 -fstack-protector-strong  -O2 -D_FORTIFY_SOURCE=2 -Wformat -Wformat-security -Werror=format-security --sysroot=/home/vinh/Yocto/poky/build-vinh/tmp/work/cortexa8hf-neon-poky-linux-gnueabi/acl/2.3.1-r0/recipe-sysroot -v >&5
Using built-in specs.
COLLECT_GCC=arm-poky-linux-gnueabi-gcc
COLLECT_LTO_WRAPPER=/home/vinh/Yocto/poky/build-vinh/tmp/work/cortexa8hf-neon-poky-linux-gnueabi/acl/2.3.1-r0/recipe-sysroot-native/usr/bin/arm-poky-linux-gnueabi/../../libexec/arm-poky-linux-gnueabi/gcc/arm-poky-linux-gnueabi/11.5.0/lto-wrapper
Target: arm-poky-linux-gnueabi
Configured with: ../../../../../../work-shared/gcc-11.5.0-r0/gcc-11.5.0/configure --build=x86_64-linux --host=x86_64-linux --target=arm-poky-linux-gnueabi --prefix=/host-native/usr --exec_prefix=/host-native/usr --bindir=/host-native/usr/bin/arm-poky-linux-gnueabi --sbindir=/host-native/usr/bin/arm-poky-linux-gnueabi --libexecdir=/host-native/usr/libexec/arm-poky-linux-gnueabi --datadir=/host-native/usr/share --sysconfdir=/host-native/etc --sharedstatedir=/host-native/com --localstatedir=/host-native/var --libdir=/host-native/usr/lib/arm-poky-linux-gnueabi --includedir=/host-native/usr/include --oldincludedir=/host-native/usr/include --infodir=/host-native/usr/share/info --mandir=/host-native/usr/share/man --disable-silent-rules --disable-dependency-tracking --with-libtool-sysroot=/host-native --enable-clocale=generic --with-gnu-ld --enable-shared --enable-languages=c,c++ --enable-threads=posix --disable-multilib --enable-default-pie --enable-c99 --enable-long-long --enable-symvers=gnu --enable-libstdcxx-pch --program-prefix=arm-poky-linux-gnueabi- --without-local-prefix --disable-install-libiberty --disable-libssp --enable-libitm --enable-lto --disable-bootstrap --with-system-zlib --with-linker-hash-style=sysv --enable-linker-build-id --with-ppl=no --with-cloog=no --enable-checking=release --enable-cheaders=c_global --without-isl --with-gxx-include-dir=/not/exist/usr/include/c++/11.5.0 --with-sysroot=/not/exist --with-build-sysroot=/host --enable-poison-system-directories=error --with-system-zlib --disable-static --disable-nls --with-glibc-version=2.28 --enable-initfini-array
Thread model: posix
Supported LTO compression algorithms: zlib zstd
gcc version 11.5.0 (GCC) 
configure:3714: $? = 0
configure:3703: arm-poky-linux-gnueabi-gcc  -mfpu=neon -mfloat-abi=hard -mcpu=cortex-a8 -fstack-protector-strong  -O2 -D_FORTIFY_SOURCE=2 -Wformat -Wformat-security -Werror=format-security --sysroot=/home/vinh/Yocto/poky/build-vinh/tmp/work/cortexa8hf-neon-poky-linux-gnueabi/acl/2.3.1-r0/recipe-sysroot -V >&5
arm-poky-linux-gnueabi-gcc: error: unrecognized command-line option '-V'
arm-poky-linux-gnueabi-gcc: fatal error: no input files
compilation terminated.
configure:3714: $? = 1
configure:3703: arm-poky-linux-gnueabi-gcc  -mfpu=neon -mfloat-abi=hard -mcpu=cortex-a8 -fstack-protector-strong  -O2 -D_FORTIFY_SOURCE=2 -Wformat -Wformat-security -Werror=format-security --sysroot=/home/vinh/Yocto/poky/build-vinh/tmp/work/cortexa8hf-neon-poky-linux-gnueabi/acl/2.3.1-r0/recipe-sysroot -qversion >&5
arm-poky-linux-gnueabi-gcc: error: unrecognized command-line option '-qversion'; did you mean '--version'?
arm-poky-linux-gnueabi-gcc: fatal error: no input files
compilation terminated.
configure:3714: $? = 1
configure:3703: arm-poky-linux-gnueabi-gcc  -mfpu=neon -mfloat-abi=hard -mcpu=cortex-a8 -fstack-protector-strong  -O2 -D_FORTIFY_SOURCE=2 -Wformat -Wformat-security -Werror=format-security --sysroot=/home/vinh/Yocto/poky/build-vinh/tmp/work/cortexa8hf-neon-poky-linux-gnueabi/acl/2.3.1-r0/recipe-sysroot -version >&5
arm-poky-linux-gnueabi-gcc: error: unrecognized command-line option '-version'
arm-poky-linux-gnueabi-gcc: fatal error: no input files
compilation terminated.
configure:3714: $? = 1
configure:3734: checking whether the C compiler works
configure:3756: arm-poky-linux-gnueabi-gcc  -mfpu=neon -mfloat-abi=hard -mcpu=cortex-a8 -fstack-protector-strong  -O2 -D_FORTIFY_SOURCE=2 -Wformat -Wformat-security -Werror=format-security --sysroot=/home/vinh/Yocto/poky/build-vinh/tmp/work/cortexa8hf-neon-poky-linux-gnueabi/acl/2.3.1-r0/recipe-sysroot  -O2 -pipe -g -feliminate-unused-debug-types -fmacro-prefix-map=/home/vinh/Yocto/poky/build-vinh/tmp/work/cortexa8hf-neon-poky-linux-gnueabi/acl/2.3.1-r0=/usr/src/debug/acl/2.3.1-r0                      -fdebug-prefix-map=/home/vinh/Yocto/poky/build-vinh/tmp/work/cortexa8hf-neon-poky-linux-gnueabi/acl/2.3.1-r0=/usr/src/debug/acl/2.3.1-r0                      -fdebug-prefix-map=/home/vinh/Yocto/poky/build-vinh/tmp/work/cortexa8hf-neon-poky-linux-gnueabi/acl/2.3.1-r0/recipe-sysroot=                      -fdebug-prefix-map=/home/vinh/Yocto/poky/build-vinh/tmp/work/cortexa8hf-neon-poky-linux-gnueabi/acl/2.3.1-r0/recipe-sysroot-native=   -Wl,-O1 -Wl,--hash-style=gnu -Wl,--as-needed -fmacro-prefix-map=/home/vinh/Yocto/poky/build-vinh/tmp/work/cortexa8hf-neon-poky-linux-gnueabi/acl/2.3.1-r0=/usr/src/debug/acl/2.3.1-r0                      -fdebug-prefix-map=/home/vinh/Yocto/poky/build-vinh/tmp/work/cortexa8hf-neon-poky-linux-gnueabi/acl/2.3.1-r0=/usr/src/debug/acl/2.3.1-r0                      -fdebug-prefix-map=/home/vinh/Yocto/poky/build-vinh/tmp/work/cortexa8hf-neon-poky-linux-gnueabi/acl/2.3.1-r0/recipe-sysroot=                      -fdebug-prefix-map=/home/vinh/Yocto/poky/build-vinh/tmp/work/cortexa8hf-neon-poky-linux-gnueabi/acl/2.3.1-r0/recipe-sysroot-native=  -Wl,-z,relro,-z,now conftest.c  >&5
configure:3760: $? = 0
configure:3810: result: yes
configure:3813: checking for C compiler default output file name
configure:3815: result: a.out
configure:3821: checking for suffix of executables
configure:3828: arm-poky-linux-gnueabi-gcc  -mfpu=neon -mfloat-abi=hard -mcpu=cortex-a8 -fstack-protector-strong  -O2 -D_FORTIFY_SOURCE=2 -Wformat -Wformat-security -Werror=format-security --sysroot=/home/vinh/Yocto/poky/build-vinh/tmp/work/cortexa8hf-neon-poky-linux-gnueabi/acl/2.3.1-r0/recipe-sysroot -o conftest  -O2 -pipe -g -feliminate-unused-debug-types -fmacro-prefix-map=/home/vinh/Yocto/poky/build-vinh/tmp/work/cortexa8hf-neon-poky-linux-gnueabi/acl/2.3.1-r0=/usr/src/debug/acl/2.3.1-r0                      -fdebug-prefix-map=/home/vinh/Yocto/poky/build-vinh/tmp/work/cortexa8hf-neon-poky-linux-gnueabi/acl/2.3.1-r0=/usr/src/debug/acl/2.3.1-r0                      -fdebug-prefix-map=/home/vinh/Yocto/poky/build-vinh/tmp/work/cortexa8hf-neon-poky-linux-gnueabi/acl/2.3.1-r0/recipe-sysroot=                      -fdebug-prefix-map=/home/vinh/Yocto/poky/build-vinh/tmp/work/cortexa8hf-neon-poky-linux-gnueabi/acl/2.3.1-r0/recipe-sysroot-native=   -Wl,-O1 -Wl,--hash-style=gnu -Wl,--as-needed -fmacro-prefix-map=/home/vinh/Yocto/poky/build-vinh/tmp/work/cortexa8hf-neon-poky-linux-gnueabi/acl/2.3.1-r0=/usr/src/debug/acl/2.3.1-r0                      -fdebug-prefix-map=/home/vinh/Yocto/poky/build-vinh/tmp/work/cortexa8hf-neon-poky-linux-gnueabi/acl/2.3.1-r0=/usr/src/debug/acl/2.3.1-r0                      -fdebug-prefix-map=/home/vinh/Yocto/poky/build-vinh/tmp/work/cortexa8hf-neon-poky-linux-gnueabi/acl/2.3.1-r0/recipe-sysroot=                      -fdebug-prefix-map=/home/vinh/Yocto/poky/build-vinh/tmp/work/cortexa8hf-neon-poky-linux-gnueabi/acl/2.3.1-r0/recipe-sysroot-native=  -Wl,-z,relro,-z,now conftest.c  >&5
configure:3832: $? = 0
configure:3855: result: 
configure:3877: checking whether we are cross compiling
configure:3915: result: yes
configure:3920: checking for suffix of object files
configure:3943: arm-poky-linux-gnueabi-gcc  -mfpu=neon -mfloat-abi=hard -mcpu=cortex-a8 -fstack-protector-strong  -O2 -D_FORTIFY_SOURCE=2 -Wformat -Wformat-security -Werror=format-security --sysroot=/home/vinh/Yocto/poky/build-vinh/tmp/work/cortexa8hf-neon-poky-linux-gnueabi/acl/2.3.1-r0/recipe-sysroot -c  -O2 -pipe -g -feliminate-unused-debug-types -fmacro-prefix-map=/home/vinh/Yocto/poky/build-vinh/tmp/work/cortexa8hf-neon-poky-linux-gnueabi/acl/2.3.1-r0=/usr/src/debug/acl/2.3.1-r0                      -fdebug-prefix-map=/home/vinh/Yocto/poky/build-vinh/tmp/work/cortexa8hf-neon-poky-linux-gnueabi/acl/2.3.1-r0=/usr/src/debug/acl/2.3.1-r0                      -fdebug-prefix-map=/home/vinh/Yocto/poky/build-vinh/tmp/work/cortexa8hf-neon-poky-linux-gnueabi/acl/2.3.1-r0/recipe-sysroot=                      -fdebug-prefix-map=/home/vinh/Yocto/poky/build-vinh/tmp/work/cortexa8hf-neon-poky-linux-gnueabi/acl/2.3.1-r0/recipe-sysroot-native=   conftest.c >&5
configure:3947: $? = 0
configure:3969: result: o
configure:3973: checking whether the compiler supports GNU C
configure:3993: arm-poky-linux-gnueabi-gcc  -mfpu=neon -mfloat-abi=hard -mcpu=cortex-a8 -fstack-protector-strong  -O2 -D_FORTIFY_SOURCE=2 -Wformat -Wformat-security -Werror=format-security --sysroot=/home/vinh/Yocto/poky/build-vinh/tmp/work/cortexa8hf-neon-poky-linux-gnueabi/acl/2.3.1-r0/recipe-sysroot -c  -O2 -pipe -g -feliminate-unused-debug-types -fmacro-prefix-map=/home/vinh/Yocto/poky/build-vinh/tmp/work/cortexa8hf-neon-poky-linux-gnueabi/acl/2.3.1-r0=/usr/src/debug/acl/2.3.1-r0                      -fdebug-prefix-map=/home/vinh/Yocto/poky/build-vinh/tmp/work/cortexa8hf-neon-poky-linux-gnueabi/acl/2.3.1-r0=/usr/src/debug/acl/2.3.1-r0                      -fdebug-prefix-map=/home/vinh/Yocto/poky/build-vinh/tmp/work/cortexa8hf-neon-poky-linux-gnueabi/acl/2.3.1-r0/recipe-sysroot=                      -fdebug-prefix-map=/home/vinh/Yocto/poky/build-vinh/tmp/work/cortexa8hf-neon-poky-linux-gnueabi/acl/2.3.1-r0/recipe-sysroot-native=   conftest.c >&5
configure:3993: $? = 0
configure:4003: result: yes
configure:4014: checking whether arm-poky-linux-gnueabi-gcc  -mfpu=neon -mfloat-abi=hard -mcpu=cortex-a8 -fstack-protector-strong  -O2 -D_FORTIFY_SOURCE=2 -Wformat -Wformat-security -Werror=format-security --sysroot=/home/vinh/Yocto/poky/build-vinh/tmp/work/cortexa8hf-neon-poky-linux-gnueabi/acl/2.3.1-r0/recipe-sysroot accepts -g
configure:4035: arm-poky-linux-gnueabi-gcc  -mfpu=neon -mfloat-abi=hard -mcpu=cortex-a8 -fstack-protector-strong  -O2 -D_FORTIFY_SOURCE=2 -Wformat -Wformat-security -Werror=format-security --sysroot=/home/vinh/Yocto/poky/build-vinh/tmp/work/cortexa8hf-neon-poky-linux-gnueabi/acl/2.3.1-r0/recipe-sysroot -c -g  conftest.c >&5
configure:4035: $? = 0
configure:4079: result: yes
configure:4099: checking for arm-poky-linux-gnueabi-gcc  -mfpu=neon -mfloat-abi=hard -mcpu=cortex-a8 -fstack-protector-strong  -O2 -D_FORTIFY_SOURCE=2 -Wformat -Wformat-security -Werror=format-security --sysroot=/home/vinh/Yocto/poky/build-vinh/tmp/work/cortexa8hf-neon-poky-linux-gnueabi/acl/2.3.1-r0/recipe-sysroot option to enable C11 features
configure:4114: arm-poky-linux-gnueabi-gcc  -mfpu=neon -mfloat-abi=hard -mcpu=cortex-a8 -fstack-protector-strong  -O2 -D_FORTIFY_SOURCE=2 -Wformat -Wformat-security -Werror=format-security --sysroot=/home/vinh/Yocto/poky/build-vinh/tmp/work/cortexa8hf-neon-poky-linux-gnueabi/acl/2.3.1-r0/recipe-sysroot  -c  -O2 -pipe -g -feliminate-unused-debug-types -fmacro-prefix-map=/home/vinh/Yocto/poky/build-vinh/tmp/work/cortexa8hf-neon-poky-linux-gnueabi/acl/2.3.1-r0=/usr/src/debug/acl/2.3.1-r0                      -fdebug-prefix-map=/home/vinh/Yocto/poky/build-vinh/tmp/work/cortexa8hf-neon-poky-linux-gnueabi/acl/2.3.1-r0=/usr/src/debug/acl/2.3.1-r0                      -fdebug-prefix-map=/home/vinh/Yocto/poky/build-vinh/tmp/work/cortexa8hf-neon-poky-linux-gnueabi/acl/2.3.1-r0/recipe-sysroot=                      -fdebug-prefix-map=/home/vinh/Yocto/poky/build-vinh/tmp/work/cortexa8hf-neon-poky-linux-gnueabi/acl/2.3.1-r0/recipe-sysroot-native=   conftest.c >&5
configure:4114: $? = 0
configure:4132: result: none needed
configure:4248: checking whether arm-poky-linux-gnueabi-gcc  -mfpu=neon -mfloat-abi=hard -mcpu=cortex-a8 -fstack-protector-strong  -O2 -D_FORTIFY_SOURCE=2 -Wformat -Wformat-security -Werror=format-security --sysroot=/home/vinh/Yocto/poky/build-vinh/tmp/work/cortexa8hf-neon-poky-linux-gnueabi/acl/2.3.1-r0/recipe-sysroot understands -c and -o together
configure:4271: arm-poky-linux-gnueabi-gcc  -mfpu=neon -mfloat-abi=hard -mcpu=cortex-a8 -fstack-protector-strong  -O2 -D_FORTIFY_SOURCE=2 -Wformat -Wformat-security -Werror=format-security --sysroot=/home/vinh/Yocto/poky/build-vinh/tmp/work/cortexa8hf-neon-poky-linux-gnueabi/acl/2.3.1-r0/recipe-sysroot -c conftest.c -o conftest2.o
configure:4274: $? = 0
configure:4271: arm-poky-linux-gnueabi-gcc  -mfpu=neon -mfloat-abi=hard -mcpu=cortex-a8 -fstack-protector-strong  -O2 -D_FORTIFY_SOURCE=2 -Wformat -Wformat-security -Werror=format-security --sysroot=/home/vinh/Yocto/poky/build-vinh/tmp/work/cortexa8hf-neon-poky-linux-gnueabi/acl/2.3.1-r0/recipe-sysroot -c conftest.c -o conftest2.o
configure:4274: $? = 0
configure:4286: result: yes
configure:4306: checking whether make supports the include directive
configure:4321: make -f confmf.GNU && cat confinc.out
this is the am__doit target
configure:4324: $? = 0
configure:4343: result: yes (GNU style)
configure:4369: checking dependency style of arm-poky-linux-gnueabi-gcc  -mfpu=neon -mfloat-abi=hard -mcpu=cortex-a8 -fstack-protector-strong  -O2 -D_FORTIFY_SOURCE=2 -Wformat -Wformat-security -Werror=format-security --sysroot=/home/vinh/Yocto/poky/build-vinh/tmp/work/cortexa8hf-neon-poky-linux-gnueabi/acl/2.3.1-r0/recipe-sysroot
configure:4481: result: none
configure:4502: checking for stdio.h
configure:4502: arm-poky-linux-gnueabi-gcc  -mfpu=neon -mfloat-abi=hard -mcpu=cortex-a8 -fstack-protector-strong  -O2 -D_FORTIFY_SOURCE=2 -Wformat -Wformat-security -Werror=format-security --sysroot=/home/vinh/Yocto/poky/build-vinh/tmp/work/cortexa8hf-neon-poky-linux-gnueabi/acl/2.3.1-r0/recipe-sysroot -c  -O2 -pipe -g -feliminate-unused-debug-types -fmacro-prefix-map=/home/vinh/Yocto/poky/build-vinh/tmp/work/cortexa8hf-neon-poky-linux-gnueabi/acl/2.3.1-r0=/usr/src/debug/acl/2.3.1-r0                      -fdebug-prefix-map=/home/vinh/Yocto/poky/build-vinh/tmp/work/cortexa8hf-neon-poky-linux-gnueabi/acl/2.3.1-r0=/usr/src/debug/acl/2.3.1-r0                      -fdebug-prefix-map=/home/vinh/Yocto/poky/build-vinh/tmp/work/cortexa8hf-neon-poky-linux-gnueabi/acl/2.3.1-r0/recipe-sysroot=                      -fdebug-prefix-map=/home/vinh/Yocto/poky/build-vinh/tmp/work/cortexa8hf-neon-poky-linux-gnueabi/acl/2.3.1-r0/recipe-sysroot-native=   conftest.c >&5
configure:4502: $? = 0
configure:4502: result: yes
configure:4502: checking for stdlib.h
configure:4502: arm-poky-linux-gnueabi-gcc  -mfpu=neon -mfloat-abi=hard -mcpu=cortex-a8 -fstack-protector-strong  -O2 -D_FORTIFY_SOURCE=2 -Wformat -Wformat-security -Werror=format-security --sysroot=/home/vinh/Yocto/poky/build-vinh/tmp/work/cortexa8hf-neon-poky-linux-gnueabi/acl/2.3.1-r0/recipe-sysroot -c  -O2 -pipe -g -feliminate-unused-debug-types -fmacro-prefix-map=/home/vinh/Yocto/poky/build-vinh/tmp/work/cortexa8hf-neon-poky-linux-gnueabi/acl/2.3.1-r0=/usr/src/debug/acl/2.3.1-r0                      -fdebug-prefix-map=/home/vinh/Yocto/poky/build-vinh/tmp/work/cortexa8hf-neon-poky-linux-gnueabi/acl/2.3.1-r0=/usr/src/debug/acl/2.3.1-r0                      -fdebug-prefix-map=/home/vinh/Yocto/poky/build-vinh/tmp/work/cortexa8hf-neon-poky-linux-gnueabi/acl/2.3.1-r0/recipe-sysroot=                      -fdebug-prefix-map=/home/vinh/Yocto/poky/build-vinh/tmp/work/cortexa8hf-neon-poky-linux-gnueabi/acl/2.3.1-r0/recipe-sysroot-native=   conftest.c >&5
configure:4502: $? = 0
configure:4502: result: yes
configure:4502: checking for string.h
configure:4502: arm-poky-linux-gnueabi-gcc  -mfpu=neon -mfloat-abi=hard -mcpu=cortex-a8 -fstack-protector-strong  -O2 -D_FORTIFY_SOURCE=2 -Wformat -Wformat-security -Werror=format-security --sysroot=/home/vinh/Yocto/poky/build-vinh/tmp/work/cortexa8hf-neon-poky-linux-gnueabi/acl/2.3.1-r0/recipe-sysroot -c  -O2 -pipe -g -feliminate-unused-debug-types -fmacro-prefix-map=/home/vinh/Yocto/poky/build-vinh/tmp/work/cortexa8hf-neon-poky-linux-gnueabi/acl/2.3.1-r0=/usr/src/debug/acl/2.3.1-r0                      -fdebug-prefix-map=/home/vinh/Yocto/poky/build-vinh/tmp/work/cortexa8hf-neon-poky-linux-gnueabi/acl/2.3.1-r0=/usr/src/debug/acl/2.3.1-r0                      -fdebug-prefix-map=/home/vinh/Yocto/poky/build-vinh/tmp/work/cortexa8hf-neon-poky-linux-gnueabi/acl/2.3.1-r0/recipe-sysroot=                      -fdebug-prefix-map=/home/vinh/Yocto/poky/build-vinh/tmp/work/cortexa8hf-neon-poky-linux-gnueabi/acl/2.3.1-r0/recipe-sysroot-native=   conftest.c >&5
configure:4502: $? = 0
configure:4502: result: yes
configure:4502: checking for inttypes.h
configure:4502: arm-poky-linux-gnueabi-gcc  -mfpu=neon -mfloat-abi=hard -mcpu=cortex-a8 -fstack-protector-strong  -O2 -D_FORTIFY_SOURCE=2 -Wformat -Wformat-security -Werror=format-security --sysroot=/home/vinh/Yocto/poky/build-vinh/tmp/work/cortexa8hf-neon-poky-linux-gnueabi/acl/2.3.1-r0/recipe-sysroot -c  -O2 -pipe -g -feliminate-unused-debug-types -fmacro-prefix-map=/home/vinh/Yocto/poky/build-vinh/tmp/work/cortexa8hf-neon-poky-linux-gnueabi/acl/2.3.1-r0=/usr/src/debug/acl/2.3.1-r0                      -fdebug-prefix-map=/home/vinh/Yocto/poky/build-vinh/tmp/work/cortexa8hf-neon-poky-linux-gnueabi/acl/2.3.1-r0=/usr/src/debug/acl/2.3.1-r0                      -fdebug-prefix-map=/home/vinh/Yocto/poky/build-vinh/tmp/work/cortexa8hf-neon-poky-linux-gnueabi/acl/2.3.1-r0/recipe-sysroot=                      -fdebug-prefix-map=/home/vinh/Yocto/poky/build-vinh/tmp/work/cortexa8hf-neon-poky-linux-gnueabi/acl/2.3.1-r0/recipe-sysroot-native=   conftest.c >&5
configure:4502: $? = 0
configure:4502: result: yes
configure:4502: checking for stdint.h
configure:4502: arm-poky-linux-gnueabi-gcc  -mfpu=neon -mfloat-abi=hard -mcpu=cortex-a8 -fstack-protector-strong  -O2 -D_FORTIFY_SOURCE=2 -Wformat -Wformat-security -Werror=format-security --sysroot=/home/vinh/Yocto/poky/build-vinh/tmp/work/cortexa8hf-neon-poky-linux-gnueabi/acl/2.3.1-r0/recipe-sysroot -c  -O2 -pipe -g -feliminate-unused-debug-types -fmacro-prefix-map=/home/vinh/Yocto/poky/build-vinh/tmp/work/cortexa8hf-neon-poky-linux-gnueabi/acl/2.3.1-r0=/usr/src/debug/acl/2.3.1-r0                      -fdebug-prefix-map=/home/vinh/Yocto/poky/build-vinh/tmp/work/cortexa8hf-neon-poky-linux-gnueabi/acl/2.3.1-r0=/usr/src/debug/acl/2.3.1-r0                      -fdebug-prefix-map=/home/vinh/Yocto/poky/build-vinh/tmp/work/cortexa8hf-neon-poky-linux-gnueabi/acl/2.3.1-r0/recipe-sysroot=                      -fdebug-prefix-map=/home/vinh/Yocto/poky/build-vinh/tmp/work/cortexa8hf-neon-poky-linux-gnueabi/acl/2.3.1-r0/recipe-sysroot-native=   conftest.c >&5
configure:4502: $? = 0
configure:4502: result: yes
configure:4502: checking for strings.h
configure:4502: arm-poky-linux-gnueabi-gcc  -mfpu=neon -mfloat-abi=hard -mcpu=cortex-a8 -fstack-protector-strong  -O2 -D_FORTIFY_SOURCE=2 -Wformat -Wformat-security -Werror=format-security --sysroot=/home/vinh/Yocto/poky/build-vinh/tmp/work/cortexa8hf-neon-poky-linux-gnueabi/acl/2.3.1-r0/recipe-sysroot -c  -O2 -pipe -g -feliminate-unused-debug-types -fmacro-prefix-map=/home/vinh/Yocto/poky/build-vinh/tmp/work/cortexa8hf-neon-poky-linux-gnueabi/acl/2.3.1-r0=/usr/src/debug/acl/2.3.1-r0                      -fdebug-prefix-map=/home/vinh/Yocto/poky/build-vinh/tmp/work/cortexa8hf-neon-poky-linux-gnueabi/acl/2.3.1-r0=/usr/src/debug/acl/2.3.1-r0                      -fdebug-prefix-map=/home/vinh/Yocto/poky/build-vinh/tmp/work/cortexa8hf-neon-poky-linux-gnueabi/acl/2.3.1-r0/recipe-sysroot=                      -fdebug-prefix-map=/home/vinh/Yocto/poky/build-vinh/tmp/work/cortexa8hf-neon-poky-linux-gnueabi/acl/2.3.1-r0/recipe-sysroot-native=   conftest.c >&5
configure:4502: $? = 0
configure:4502: result: yes
configure:4502: checking for sys/stat.h
configure:4502: arm-poky-linux-gnueabi-gcc  -mfpu=neon -mfloat-abi=hard -mcpu=cortex-a8 -fstack-protector-strong  -O2 -D_FORTIFY_SOURCE=2 -Wformat -Wformat-security -Werror=format-security --sysroot=/home/vinh/Yocto/poky/build-vinh/tmp/work/cortexa8hf-neon-poky-linux-gnueabi/acl/2.3.1-r0/recipe-sysroot -c  -O2 -pipe -g -feliminate-unused-debug-types -fmacro-prefix-map=/home/vinh/Yocto/poky/build-vinh/tmp/work/cortexa8hf-neon-poky-linux-gnueabi/acl/2.3.1-r0=/usr/src/debug/acl/2.3.1-r0                      -fdebug-prefix-map=/home/vinh/Yocto/poky/build-vinh/tmp/work/cortexa8hf-neon-poky-linux-gnueabi/acl/2.3.1-r0=/usr/src/debug/acl/2.3.1-r0                      -fdebug-prefix-map=/home/vinh/Yocto/poky/build-vinh/tmp/work/cortexa8hf-neon-poky-linux-gnueabi/acl/2.3.1-r0/recipe-sysroot=                      -fdebug-prefix-map=/home/vinh/Yocto/poky/build-vinh/tmp/work/cortexa8hf-neon-poky-linux-gnueabi/acl/2.3.1-r0/recipe-sysroot-native=   conftest.c >&5
configure:4502: $? = 0
configure:4502: result: yes
configure:4502: checking for sys/types.h
configure:4502: arm-poky-linux-gnueabi-gcc  -mfpu=neon -mfloat-abi=hard -mcpu=cortex-a8 -fstack-protector-strong  -O2 -D_FORTIFY_SOURCE=2 -Wformat -Wformat-security -Werror=format-security --sysroot=/home/vinh/Yocto/poky/build-vinh/tmp/work/cortexa8hf-neon-poky-linux-gnueabi/acl/2.3.1-r0/recipe-sysroot -c  -O2 -pipe -g -feliminate-unused-debug-types -fmacro-prefix-map=/home/vinh/Yocto/poky/build-vinh/tmp/work/cortexa8hf-neon-poky-linux-gnueabi/acl/2.3.1-r0=/usr/src/debug/acl/2.3.1-r0                      -fdebug-prefix-map=/home/vinh/Yocto/poky/build-vinh/tmp/work/cortexa8hf-neon-poky-linux-gnueabi/acl/2.3.1-r0=/usr/src/debug/acl/2.3.1-r0                      -fdebug-prefix-map=/home/vinh/Yocto/poky/build-vinh/tmp/work/cortexa8hf-neon-poky-linux-gnueabi/acl/2.3.1-r0/recipe-sysroot=                      -fdebug-prefix-map=/home/vinh/Yocto/poky/build-vinh/tmp/work/cortexa8hf-neon-poky-linux-gnueabi/acl/2.3.1-r0/recipe-sysroot-native=   conftest.c >&5
configure:4502: $? = 0
configure:4502: result: yes
configure:4502: checking for unistd.h
configure:4502: arm-poky-linux-gnueabi-gcc  -mfpu=neon -mfloat-abi=hard -mcpu=cortex-a8 -fstack-protector-strong  -O2 -D_FORTIFY_SOURCE=2 -Wformat -Wformat-security -Werror=format-security --sysroot=/home/vinh/Yocto/poky/build-vinh/tmp/work/cortexa8hf-neon-poky-linux-gnueabi/acl/2.3.1-r0/recipe-sysroot -c  -O2 -pipe -g -feliminate-unused-debug-types -fmacro-prefix-map=/home/vinh/Yocto/poky/build-vinh/tmp/work/cortexa8hf-neon-poky-linux-gnueabi/acl/2.3.1-r0=/usr/src/debug/acl/2.3.1-r0                      -fdebug-prefix-map=/home/vinh/Yocto/poky/build-vinh/tmp/work/cortexa8hf-neon-poky-linux-gnueabi/acl/2.3.1-r0=/usr/src/debug/acl/2.3.1-r0                      -fdebug-prefix-map=/home/vinh/Yocto/poky/build-vinh/tmp/work/cortexa8hf-neon-poky-linux-gnueabi/acl/2.3.1-r0/recipe-sysroot=                      -fdebug-prefix-map=/home/vinh/Yocto/poky/build-vinh/tmp/work/cortexa8hf-neon-poky-linux-gnueabi/acl/2.3.1-r0/recipe-sysroot-native=   conftest.c >&5
configure:4502: $? = 0
configure:4502: result: yes
configure:4502: checking for wchar.h
configure:4502: arm-poky-linux-gnueabi-gcc  -mfpu=neon -mfloat-abi=hard -mcpu=cortex-a8 -fstack-protector-strong  -O2 -D_FORTIFY_SOURCE=2 -Wformat -Wformat-security -Werror=format-security --sysroot=/home/vinh/Yocto/poky/build-vinh/tmp/work/cortexa8hf-neon-poky-linux-gnueabi/acl/2.3.1-r0/recipe-sysroot -c  -O2 -pipe -g -feliminate-unused-debug-types -fmacro-prefix-map=/home/vinh/Yocto/poky/build-vinh/tmp/work/cortexa8hf-neon-poky-linux-gnueabi/acl/2.3.1-r0=/usr/src/debug/acl/2.3.1-r0                      -fdebug-prefix-map=/home/vinh/Yocto/poky/build-vinh/tmp/work/cortexa8hf-neon-poky-linux-gnueabi/acl/2.3.1-r0=/usr/src/debug/acl/2.3.1-r0                      -fdebug-prefix-map=/home/vinh/Yocto/poky/build-vinh/tmp/work/cortexa8hf-neon-poky-linux-gnueabi/acl/2.3.1-r0/recipe-sysroot=                      -fdebug-prefix-map=/home/vinh/Yocto/poky/build-vinh/tmp/work/cortexa8hf-neon-poky-linux-gnueabi/acl/2.3.1-r0/recipe-sysroot-native=   conftest.c >&5
configure:4502: $? = 0
configure:4502: result: yes
configure:4502: checking for minix/config.h
configure:4502: arm-poky-linux-gnueabi-gcc  -mfpu=neon -mfloat-abi=hard -mcpu=cortex-a8 -fstack-protector-strong  -O2 -D_FORTIFY_SOURCE=2 -Wformat -Wformat-security -Werror=format-security --sysroot=/home/vinh/Yocto/poky/build-vinh/tmp/work/cortexa8hf-neon-poky-linux-gnueabi/acl/2.3.1-r0/recipe-sysroot -c  -O2 -pipe -g -feliminate-unused-debug-types -fmacro-prefix-map=/home/vinh/Yocto/poky/build-vinh/tmp/work/cortexa8hf-neon-poky-linux-gnueabi/acl/2.3.1-r0=/usr/src/debug/acl/2.3.1-r0                      -fdebug-prefix-map=/home/vinh/Yocto/poky/build-vinh/tmp/work/cortexa8hf-neon-poky-linux-gnueabi/acl/2.3.1-r0=/usr/src/debug/acl/2.3.1-r0                      -fdebug-prefix-map=/home/vinh/Yocto/poky/build-vinh/tmp/work/cortexa8hf-neon-poky-linux-gnueabi/acl/2.3.1-r0/recipe-sysroot=                      -fdebug-prefix-map=/home/vinh/Yocto/poky/build-vinh/tmp/work/cortexa8hf-neon-poky-linux-gnueabi/acl/2.3.1-r0/recipe-sysroot-native=   conftest.c >&5
conftest.c:49:10: fatal error: minix/config.h: No such file or directory
   49 | #include <minix/config.h>
      |          ^~~~~~~~~~~~~~~~
compilation terminated.
configure:4502: $? = 1
configure: failed program was:
| /* confdefs.h */
| #define PACKAGE_NAME "acl"
| #define PACKAGE_TARNAME "acl"
| #define PACKAGE_VERSION "2.3.1"
| #define PACKAGE_STRING "acl 2.3.1"
| #define PACKAGE_BUGREPORT "acl-devel@nongnu.org"
| #define PACKAGE_URL ""
| #define PACKAGE "acl"
| #define VERSION "2.3.1"
| #define HAVE_STDIO_H 1
| #define HAVE_STDLIB_H 1
| #define HAVE_STRING_H 1
| #define HAVE_INTTYPES_H 1
| #define HAVE_STDINT_H 1
| #define HAVE_STRINGS_H 1
| #define HAVE_SYS_STAT_H 1
| #define HAVE_SYS_TYPES_H 1
| #define HAVE_UNISTD_H 1
| #define HAVE_WCHAR_H 1
| /* end confdefs.h.  */
| #include <stddef.h>
| #ifdef HAVE_STDIO_H
| # include <stdio.h>
| #endif
| #ifdef HAVE_STDLIB_H
| # include <stdlib.h>
| #endif
| #ifdef HAVE_STRING_H
| # include <string.h>
| #endif
| #ifdef HAVE_INTTYPES_H
| # include <inttypes.h>
| #endif
| #ifdef HAVE_STDINT_H
| # include <stdint.h>
| #endif
| #ifdef HAVE_STRINGS_H
| # include <strings.h>
| #endif
| #ifdef HAVE_SYS_TYPES_H
| # include <sys/types.h>
| #endif
| #ifdef HAVE_SYS_STAT_H
| # include <sys/stat.h>
| #endif
| #ifdef HAVE_UNISTD_H
| # include <unistd.h>
| #endif
| #include <minix/config.h>
configure:4502: result: no
configure:4533: checking whether it is safe to define __EXTENSIONS__
configure:4552: arm-poky-linux-gnueabi-gcc  -mfpu=neon -mfloat-abi=hard -mcpu=cortex-a8 -fstack-protector-strong  -O2 -D_FORTIFY_SOURCE=2 -Wformat -Wformat-security -Werror=format-security --sysroot=/home/vinh/Yocto/poky/build-vinh/tmp/work/cortexa8hf-neon-poky-linux-gnueabi/acl/2.3.1-r0/recipe-sysroot -c  -O2 -pipe -g -feliminate-unused-debug-types -fmacro-prefix-map=/home/vinh/Yocto/poky/build-vinh/tmp/work/cortexa8hf-neon-poky-linux-gnueabi/acl/2.3.1-r0=/usr/src/debug/acl/2.3.1-r0                      -fdebug-prefix-map=/home/vinh/Yocto/poky/build-vinh/tmp/work/cortexa8hf-neon-poky-linux-gnueabi/acl/2.3.1-r0=/usr/src/debug/acl/2.3.1-r0                      -fdebug-prefix-map=/home/vinh/Yocto/poky/build-vinh/tmp/work/cortexa8hf-neon-poky-linux-gnueabi/acl/2.3.1-r0/recipe-sysroot=                      -fdebug-prefix-map=/home/vinh/Yocto/poky/build-vinh/tmp/work/cortexa8hf-neon-poky-linux-gnueabi/acl/2.3.1-r0/recipe-sysroot-native=   conftest.c >&5
configure:4552: $? = 0
configure:4560: result: yes
configure:4563: checking whether _XOPEN_SOURCE should be defined
configure:4585: arm-poky-linux-gnueabi-gcc  -mfpu=neon -mfloat-abi=hard -mcpu=cortex-a8 -fstack-protector-strong  -O2 -D_FORTIFY_SOURCE=2 -Wformat -Wformat-security -Werror=format-security --sysroot=/home/vinh/Yocto/poky/build-vinh/tmp/work/cortexa8hf-neon-poky-linux-gnueabi/acl/2.3.1-r0/recipe-sysroot -c  -O2 -pipe -g -feliminate-unused-debug-types -fmacro-prefix-map=/home/vinh/Yocto/poky/build-vinh/tmp/work/cortexa8hf-neon-poky-linux-gnueabi/acl/2.3.1-r0=/usr/src/debug/acl/2.3.1-r0                      -fdebug-prefix-map=/home/vinh/Yocto/poky/build-vinh/tmp/work/cortexa8hf-neon-poky-linux-gnueabi/acl/2.3.1-r0=/usr/src/debug/acl/2.3.1-r0                      -fdebug-prefix-map=/home/vinh/Yocto/poky/build-vinh/tmp/work/cortexa8hf-neon-poky-linux-gnueabi/acl/2.3.1-r0/recipe-sysroot=                      -fdebug-prefix-map=/home/vinh/Yocto/poky/build-vinh/tmp/work/cortexa8hf-neon-poky-linux-gnueabi/acl/2.3.1-r0/recipe-sysroot-native=   conftest.c >&5
configure:4585: $? = 0
configure:4612: result: no
configure:4668: checking whether __attribute__((visibility())) is supported
configure:4690: result: yes
configure:4706: checking whether byte ordering is bigendian
configure:4921: result: no
configure:4947: checking for special C compiler options needed for large files
configure:4995: result: no
configure:5001: checking for _FILE_OFFSET_BITS value needed for large files
configure:5027: arm-poky-linux-gnueabi-gcc  -mfpu=neon -mfloat-abi=hard -mcpu=cortex-a8 -fstack-protector-strong  -O2 -D_FORTIFY_SOURCE=2 -Wformat -Wformat-security -Werror=format-security --sysroot=/home/vinh/Yocto/poky/build-vinh/tmp/work/cortexa8hf-neon-poky-linux-gnueabi/acl/2.3.1-r0/recipe-sysroot -c  -O2 -pipe -g -feliminate-unused-debug-types -fmacro-prefix-map=/home/vinh/Yocto/poky/build-vinh/tmp/work/cortexa8hf-neon-poky-linux-gnueabi/acl/2.3.1-r0=/usr/src/debug/acl/2.3.1-r0                      -fdebug-prefix-map=/home/vinh/Yocto/poky/build-vinh/tmp/work/cortexa8hf-neon-poky-linux-gnueabi/acl/2.3.1-r0=/usr/src/debug/acl/2.3.1-r0                      -fdebug-prefix-map=/home/vinh/Yocto/poky/build-vinh/tmp/work/cortexa8hf-neon-poky-linux-gnueabi/acl/2.3.1-r0/recipe-sysroot=                      -fdebug-prefix-map=/home/vinh/Yocto/poky/build-vinh/tmp/work/cortexa8hf-neon-poky-linux-gnueabi/acl/2.3.1-r0/recipe-sysroot-native=  -fvisibility=hidden  conftest.c >&5
conftest.c:45:39: warning: result of '-2147483648 << 31' requires 63 bits to represent, but 'long int' only has 32 bits [-Wshift-overflow=]
   45 | #define LARGE_OFF_T (((off_t) 1 << 31 << 31) - 1 + ((off_t) 1 << 31 << 31))
      |                                       ^~
conftest.c:46:23: note: in expansion of macro 'LARGE_OFF_T'
   46 |   int off_t_is_large[(LARGE_OFF_T % 2147483629 == 721
      |                       ^~~~~~~~~~~
conftest.c:45:69: warning: result of '-2147483648 << 31' requires 63 bits to represent, but 'long int' only has 32 bits [-Wshift-overflow=]
   45 | #define LARGE_OFF_T (((off_t) 1 << 31 << 31) - 1 + ((off_t) 1 << 31 << 31))
      |                                                                     ^~
conftest.c:46:23: note: in expansion of macro 'LARGE_OFF_T'
   46 |   int off_t_is_large[(LARGE_OFF_T % 2147483629 == 721
      |                       ^~~~~~~~~~~
conftest.c:45:39: warning: result of '-2147483648 << 31' requires 63 bits to represent, but 'long int' only has 32 bits [-Wshift-overflow=]
   45 | #define LARGE_OFF_T (((off_t) 1 << 31 << 31) - 1 + ((off_t) 1 << 31 << 31))
      |                                       ^~
conftest.c:47:27: note: in expansion of macro 'LARGE_OFF_T'
   47 |                        && LARGE_OFF_T % 2147483647 == 1)
      |                           ^~~~~~~~~~~
conftest.c:45:69: warning: result of '-2147483648 << 31' requires 63 bits to represent, but 'long int' only has 32 bits [-Wshift-overflow=]
   45 | #define LARGE_OFF_T (((off_t) 1 << 31 << 31) - 1 + ((off_t) 1 << 31 << 31))
      |                                                                     ^~
conftest.c:47:27: note: in expansion of macro 'LARGE_OFF_T'
   47 |                        && LARGE_OFF_T % 2147483647 == 1)
      |                           ^~~~~~~~~~~
conftest.c:46:7: error: variably modified 'off_t_is_large' at file scope
   46 |   int off_t_is_large[(LARGE_OFF_T % 2147483629 == 721
      |       ^~~~~~~~~~~~~~
configure:5027: $? = 1
configure: failed program was:
| /* confdefs.h */
| #define PACKAGE_NAME "acl"
| #define PACKAGE_TARNAME "acl"
| #define PACKAGE_VERSION "2.3.1"
| #define PACKAGE_STRING "acl 2.3.1"
| #define PACKAGE_BUGREPORT "acl-devel@nongnu.org"
| #define PACKAGE_URL ""
| #define PACKAGE "acl"
| #define VERSION "2.3.1"
| #define HAVE_STDIO_H 1
| #define HAVE_STDLIB_H 1
| #define HAVE_STRING_H 1
| #define HAVE_INTTYPES_H 1
| #define HAVE_STDINT_H 1
| #define HAVE_STRINGS_H 1
| #define HAVE_SYS_STAT_H 1
| #define HAVE_SYS_TYPES_H 1
| #define HAVE_UNISTD_H 1
| #define HAVE_WCHAR_H 1
| #define STDC_HEADERS 1
| #define _ALL_SOURCE 1
| #define _DARWIN_C_SOURCE 1
| #define _GNU_SOURCE 1
| #define _HPUX_ALT_XOPEN_SOCKET_API 1
| #define _NETBSD_SOURCE 1
| #define _OPENBSD_SOURCE 1
| #define _POSIX_PTHREAD_SEMANTICS 1
| #define __STDC_WANT_IEC_60559_ATTRIBS_EXT__ 1
| #define __STDC_WANT_IEC_60559_BFP_EXT__ 1
| #define __STDC_WANT_IEC_60559_DFP_EXT__ 1
| #define __STDC_WANT_IEC_60559_FUNCS_EXT__ 1
| #define __STDC_WANT_IEC_60559_TYPES_EXT__ 1
| #define __STDC_WANT_LIB_EXT2__ 1
| #define __STDC_WANT_MATH_SPEC_FUNCS__ 1
| #define _TANDEM_SOURCE 1
| #define __EXTENSIONS__ 1
| #define HAVE_VISIBILITY_ATTRIBUTE /**/
| #define EXPORT __attribute__ ((visibility ("default"))) extern
| /* end confdefs.h.  */
| #include <sys/types.h>
|  /* Check that off_t can represent 2**63 - 1 correctly.
|     We can't simply define LARGE_OFF_T to be 9223372036854775807,
|     since some C++ compilers masquerading as C compilers
|     incorrectly reject 9223372036854775807.  */
| #define LARGE_OFF_T (((off_t) 1 << 31 << 31) - 1 + ((off_t) 1 << 31 << 31))
|   int off_t_is_large[(LARGE_OFF_T % 2147483629 == 721
| 		       && LARGE_OFF_T % 2147483647 == 1)
| 		      ? 1 : -1];
| int
| main (void)
| {
| 
|   ;
|   return 0;
| }
configure:5052: arm-poky-linux-gnueabi-gcc  -mfpu=neon -mfloat-abi=hard -mcpu=cortex-a8 -fstack-protector-strong  -O2 -D_FORTIFY_SOURCE=2 -Wformat -Wformat-security -Werror=format-security --sysroot=/home/vinh/Yocto/poky/build-vinh/tmp/work/cortexa8hf-neon-poky-linux-gnueabi/acl/2.3.1-r0/recipe-sysroot -c  -O2 -pipe -g -feliminate-unused-debug-types -fmacro-prefix-map=/home/vinh/Yocto/poky/build-vinh/tmp/work/cortexa8hf-neon-poky-linux-gnueabi/acl/2.3.1-r0=/usr/src/debug/acl/2.3.1-r0                      -fdebug-prefix-map=/home/vinh/Yocto/poky/build-vinh/tmp/work/cortexa8hf-neon-poky-linux-gnueabi/acl/2.3.1-r0=/usr/src/debug/acl/2.3.1-r0                      -fdebug-prefix-map=/home/vinh/Yocto/poky/build-vinh/tmp/work/cortexa8hf-neon-poky-linux-gnueabi/acl/2.3.1-r0/recipe-sysroot=                      -fdebug-prefix-map=/home/vinh/Yocto/poky/build-vinh/tmp/work/cortexa8hf-neon-poky-linux-gnueabi/acl/2.3.1-r0/recipe-sysroot-native=  -fvisibility=hidden  conftest.c >&5
configure:5052: $? = 0
configure:5061: result: 64
configure:5150: checking for arm-poky-linux-gnueabi-ar
configure:5182: result: arm-poky-linux-gnueabi-gcc-ar
configure:5257: checking the archiver (arm-poky-linux-gnueabi-gcc-ar) interface
configure:5274: arm-poky-linux-gnueabi-gcc  -mfpu=neon -mfloat-abi=hard -mcpu=cortex-a8 -fstack-protector-strong  -O2 -D_FORTIFY_SOURCE=2 -Wformat -Wformat-security -Werror=format-security --sysroot=/home/vinh/Yocto/poky/build-vinh/tmp/work/cortexa8hf-neon-poky-linux-gnueabi/acl/2.3.1-r0/recipe-sysroot -c  -O2 -pipe -g -feliminate-unused-debug-types -fmacro-prefix-map=/home/vinh/Yocto/poky/build-vinh/tmp/work/cortexa8hf-neon-poky-linux-gnueabi/acl/2.3.1-r0=/usr/src/debug/acl/2.3.1-r0                      -fdebug-prefix-map=/home/vinh/Yocto/poky/build-vinh/tmp/work/cortexa8hf-neon-poky-linux-gnueabi/acl/2.3.1-r0=/usr/src/debug/acl/2.3.1-r0                      -fdebug-prefix-map=/home/vinh/Yocto/poky/build-vinh/tmp/work/cortexa8hf-neon-poky-linux-gnueabi/acl/2.3.1-r0/recipe-sysroot=                      -fdebug-prefix-map=/home/vinh/Yocto/poky/build-vinh/tmp/work/cortexa8hf-neon-poky-linux-gnueabi/acl/2.3.1-r0/recipe-sysroot-native=  -fvisibility=hidden  conftest.c >&5
configure:5274: $? = 0
configure:5277: arm-poky-linux-gnueabi-gcc-ar cru libconftest.a conftest.o >&5
/home/vinh/Yocto/poky/build-vinh/tmp/work/cortexa8hf-neon-poky-linux-gnueabi/acl/2.3.1-r0/recipe-sysroot-native/usr/bin/arm-poky-linux-gnueabi/../../libexec/arm-poky-linux-gnueabi/gcc/arm-poky-linux-gnueabi/11.5.0/ar: `u' modifier ignored since `D' is the default (see `U')
configure:5280: $? = 0
configure:5308: result: ar
configure:5360: checking build system type
configure:5375: result: x86_64-pc-linux-gnu
configure:5395: checking host system type
configure:5409: result: arm-poky-linux-gnueabi
configure:5450: checking how to print strings
configure:5477: result: printf
configure:5498: checking for a sed that does not truncate output
configure:5568: result: sed
configure:5586: checking for grep that handles long lines and -e
configure:5650: result: /home/vinh/Yocto/poky/build-vinh/tmp/hosttools/grep
configure:5655: checking for egrep
configure:5723: result: /home/vinh/Yocto/poky/build-vinh/tmp/hosttools/grep -E
configure:5728: checking for fgrep
configure:5796: result: /home/vinh/Yocto/poky/build-vinh/tmp/hosttools/grep -F
configure:5832: checking for ld used by arm-poky-linux-gnueabi-gcc  -mfpu=neon -mfloat-abi=hard -mcpu=cortex-a8 -fstack-protector-strong  -O2 -D_FORTIFY_SOURCE=2 -Wformat -Wformat-security -Werror=format-security --sysroot=/home/vinh/Yocto/poky/build-vinh/tmp/work/cortexa8hf-neon-poky-linux-gnueabi/acl/2.3.1-r0/recipe-sysroot
configure:5900: result: arm-poky-linux-gnueabi-ld --sysroot=/home/vinh/Yocto/poky/build-vinh/tmp/work/cortexa8hf-neon-poky-linux-gnueabi/acl/2.3.1-r0/recipe-sysroot 
configure:5907: checking if the linker (arm-poky-linux-gnueabi-ld --sysroot=/home/vinh/Yocto/poky/build-vinh/tmp/work/cortexa8hf-neon-poky-linux-gnueabi/acl/2.3.1-r0/recipe-sysroot ) is GNU ld
configure:5923: result: yes
configure:5935: checking for BSD- or MS-compatible name lister (nm)
configure:5990: result: arm-poky-linux-gnueabi-gcc-nm
configure:6130: checking the name lister (arm-poky-linux-gnueabi-gcc-nm) interface
configure:6138: arm-poky-linux-gnueabi-gcc  -mfpu=neon -mfloat-abi=hard -mcpu=cortex-a8 -fstack-protector-strong  -O2 -D_FORTIFY_SOURCE=2 -Wformat -Wformat-security -Werror=format-security --sysroot=/home/vinh/Yocto/poky/build-vinh/tmp/work/cortexa8hf-neon-poky-linux-gnueabi/acl/2.3.1-r0/recipe-sysroot -c  -O2 -pipe -g -feliminate-unused-debug-types -fmacro-prefix-map=/home/vinh/Yocto/poky/build-vinh/tmp/work/cortexa8hf-neon-poky-linux-gnueabi/acl/2.3.1-r0=/usr/src/debug/acl/2.3.1-r0                      -fdebug-prefix-map=/home/vinh/Yocto/poky/build-vinh/tmp/work/cortexa8hf-neon-poky-linux-gnueabi/acl/2.3.1-r0=/usr/src/debug/acl/2.3.1-r0                      -fdebug-prefix-map=/home/vinh/Yocto/poky/build-vinh/tmp/work/cortexa8hf-neon-poky-linux-gnueabi/acl/2.3.1-r0/recipe-sysroot=                      -fdebug-prefix-map=/home/vinh/Yocto/poky/build-vinh/tmp/work/cortexa8hf-neon-poky-linux-gnueabi/acl/2.3.1-r0/recipe-sysroot-native=  -fvisibility=hidden  conftest.c >&5
configure:6141: arm-poky-linux-gnueabi-gcc-nm "conftest.o"
configure:6144: output
00000000 B some_variable
configure:6151: result: BSD nm
configure:6154: checking whether ln -s works
configure:6158: result: yes
configure:6166: checking the maximum length of command line arguments
configure:6298: result: 1572864
configure:6346: checking how to convert x86_64-pc-linux-gnu file names to arm-poky-linux-gnueabi format
configure:6387: result: func_convert_file_noop
configure:6394: checking how to convert x86_64-pc-linux-gnu file names to toolchain format
configure:6415: result: func_convert_file_noop
configure:6422: checking for arm-poky-linux-gnueabi-ld --sysroot=/home/vinh/Yocto/poky/build-vinh/tmp/work/cortexa8hf-neon-poky-linux-gnueabi/acl/2.3.1-r0/recipe-sysroot  option to reload object files
configure:6430: result: -r
configure:6464: checking for arm-poky-linux-gnueabi-file
configure:6499: result: no
configure:6509: checking for file
configure:6530: found /home/vinh/Yocto/poky/build-vinh/tmp/hosttools/file
configure:6541: result: file
configure:6553: WARNING: using cross tools not prefixed with host triplet
configure:6572: checking for arm-poky-linux-gnueabi-objdump
configure:6604: result: arm-poky-linux-gnueabi-objdump
configure:6681: checking how to recognize dependent libraries
configure:6882: result: pass_all
configure:6927: checking for arm-poky-linux-gnueabi-dlltool
configure:6962: result: no
configure:6972: checking for dlltool
configure:7007: result: no
configure:7037: checking how to associate runtime and link libraries
configure:7065: result: printf %s\n
configure:7081: checking for arm-poky-linux-gnueabi-ar
configure:7113: result: arm-poky-linux-gnueabi-gcc-ar
configure:7215: checking for archiver @FILE support
configure:7233: arm-poky-linux-gnueabi-gcc  -mfpu=neon -mfloat-abi=hard -mcpu=cortex-a8 -fstack-protector-strong  -O2 -D_FORTIFY_SOURCE=2 -Wformat -Wformat-security -Werror=format-security --sysroot=/home/vinh/Yocto/poky/build-vinh/tmp/work/cortexa8hf-neon-poky-linux-gnueabi/acl/2.3.1-r0/recipe-sysroot -c  -O2 -pipe -g -feliminate-unused-debug-types -fmacro-prefix-map=/home/vinh/Yocto/poky/build-vinh/tmp/work/cortexa8hf-neon-poky-linux-gnueabi/acl/2.3.1-r0=/usr/src/debug/acl/2.3.1-r0                      -fdebug-prefix-map=/home/vinh/Yocto/poky/build-vinh/tmp/work/cortexa8hf-neon-poky-linux-gnueabi/acl/2.3.1-r0=/usr/src/debug/acl/2.3.1-r0                      -fdebug-prefix-map=/home/vinh/Yocto/poky/build-vinh/tmp/work/cortexa8hf-neon-poky-linux-gnueabi/acl/2.3.1-r0/recipe-sysroot=                      -fdebug-prefix-map=/home/vinh/Yocto/poky/build-vinh/tmp/work/cortexa8hf-neon-poky-linux-gnueabi/acl/2.3.1-r0/recipe-sysroot-native=  -fvisibility=hidden  conftest.c >&5
configure:7233: $? = 0
configure:7237: arm-poky-linux-gnueabi-gcc-ar cr libconftest.a @conftest.lst >&5
configure:7240: $? = 0
configure:7245: arm-poky-linux-gnueabi-gcc-ar cr libconftest.a @conftest.lst >&5
/home/vinh/Yocto/poky/build-vinh/tmp/work/cortexa8hf-neon-poky-linux-gnueabi/acl/2.3.1-r0/recipe-sysroot-native/usr/bin/arm-poky-linux-gnueabi/../../libexec/arm-poky-linux-gnueabi/gcc/arm-poky-linux-gnueabi/11.5.0/ar: conftest.o: No such file or directory
configure:7248: $? = 1
configure:7260: result: @
configure:7278: checking for arm-poky-linux-gnueabi-strip
configure:7310: result: arm-poky-linux-gnueabi-strip
configure:7387: checking for arm-poky-linux-gnueabi-ranlib
configure:7419: result: arm-poky-linux-gnueabi-gcc-ranlib
configure:7566: checking command to parse arm-poky-linux-gnueabi-gcc-nm output from arm-poky-linux-gnueabi-gcc  -mfpu=neon -mfloat-abi=hard -mcpu=cortex-a8 -fstack-protector-strong  -O2 -D_FORTIFY_SOURCE=2 -Wformat -Wformat-security -Werror=format-security --sysroot=/home/vinh/Yocto/poky/build-vinh/tmp/work/cortexa8hf-neon-poky-linux-gnueabi/acl/2.3.1-r0/recipe-sysroot object
configure:7720: arm-poky-linux-gnueabi-gcc  -mfpu=neon -mfloat-abi=hard -mcpu=cortex-a8 -fstack-protector-strong  -O2 -D_FORTIFY_SOURCE=2 -Wformat -Wformat-security -Werror=format-security --sysroot=/home/vinh/Yocto/poky/build-vinh/tmp/work/cortexa8hf-neon-poky-linux-gnueabi/acl/2.3.1-r0/recipe-sysroot -c  -O2 -pipe -g -feliminate-unused-debug-types -fmacro-prefix-map=/home/vinh/Yocto/poky/build-vinh/tmp/work/cortexa8hf-neon-poky-linux-gnueabi/acl/2.3.1-r0=/usr/src/debug/acl/2.3.1-r0                      -fdebug-prefix-map=/home/vinh/Yocto/poky/build-vinh/tmp/work/cortexa8hf-neon-poky-linux-gnueabi/acl/2.3.1-r0=/usr/src/debug/acl/2.3.1-r0                      -fdebug-prefix-map=/home/vinh/Yocto/poky/build-vinh/tmp/work/cortexa8hf-neon-poky-linux-gnueabi/acl/2.3.1-r0/recipe-sysroot=                      -fdebug-prefix-map=/home/vinh/Yocto/poky/build-vinh/tmp/work/cortexa8hf-neon-poky-linux-gnueabi/acl/2.3.1-r0/recipe-sysroot-native=  -fvisibility=hidden  conftest.c >&5
configure:7723: $? = 0
configure:7727: arm-poky-linux-gnueabi-gcc-nm conftest.o \| sed -n -e 's/^.*[ ]\([ABCDGIRSTW][ABCDGIRSTW]*\)[ ][ ]*\([_A-Za-z][_A-Za-z0-9]*\)$/\1 \2 \2/p' | sed '/ __gnu_lto/d' \> conftest.nm
configure:7730: $? = 0
configure:7796: arm-poky-linux-gnueabi-gcc  -mfpu=neon -mfloat-abi=hard -mcpu=cortex-a8 -fstack-protector-strong  -O2 -D_FORTIFY_SOURCE=2 -Wformat -Wformat-security -Werror=format-security --sysroot=/home/vinh/Yocto/poky/build-vinh/tmp/work/cortexa8hf-neon-poky-linux-gnueabi/acl/2.3.1-r0/recipe-sysroot -o conftest  -O2 -pipe -g -feliminate-unused-debug-types -fmacro-prefix-map=/home/vinh/Yocto/poky/build-vinh/tmp/work/cortexa8hf-neon-poky-linux-gnueabi/acl/2.3.1-r0=/usr/src/debug/acl/2.3.1-r0                      -fdebug-prefix-map=/home/vinh/Yocto/poky/build-vinh/tmp/work/cortexa8hf-neon-poky-linux-gnueabi/acl/2.3.1-r0=/usr/src/debug/acl/2.3.1-r0                      -fdebug-prefix-map=/home/vinh/Yocto/poky/build-vinh/tmp/work/cortexa8hf-neon-poky-linux-gnueabi/acl/2.3.1-r0/recipe-sysroot=                      -fdebug-prefix-map=/home/vinh/Yocto/poky/build-vinh/tmp/work/cortexa8hf-neon-poky-linux-gnueabi/acl/2.3.1-r0/recipe-sysroot-native=  -fvisibility=hidden  -Wl,-O1 -Wl,--hash-style=gnu -Wl,--as-needed -fmacro-prefix-map=/home/vinh/Yocto/poky/build-vinh/tmp/work/cortexa8hf-neon-poky-linux-gnueabi/acl/2.3.1-r0=/usr/src/debug/acl/2.3.1-r0                      -fdebug-prefix-map=/home/vinh/Yocto/poky/build-vinh/tmp/work/cortexa8hf-neon-poky-linux-gnueabi/acl/2.3.1-r0=/usr/src/debug/acl/2.3.1-r0                      -fdebug-prefix-map=/home/vinh/Yocto/poky/build-vinh/tmp/work/cortexa8hf-neon-poky-linux-gnueabi/acl/2.3.1-r0/recipe-sysroot=                      -fdebug-prefix-map=/home/vinh/Yocto/poky/build-vinh/tmp/work/cortexa8hf-neon-poky-linux-gnueabi/acl/2.3.1-r0/recipe-sysroot-native=  -Wl,-z,relro,-z,now conftest.c conftstm.o >&5
configure:7799: $? = 0
configure:7837: result: ok
configure:7884: checking for sysroot
configure:7919: result: /home/vinh/Yocto/poky/build-vinh/tmp/work/cortexa8hf-neon-poky-linux-gnueabi/acl/2.3.1-r0/recipe-sysroot
configure:7926: checking for a working dd
configure:7970: result: /home/vinh/Yocto/poky/build-vinh/tmp/hosttools/dd
configure:7974: checking how to truncate binary pipes
configure:7990: result: /home/vinh/Yocto/poky/build-vinh/tmp/hosttools/dd bs=4096 count=1
configure:8282: checking for arm-poky-linux-gnueabi-mt
configure:8317: result: no
configure:8327: checking for mt
configure:8362: result: no
configure:8382: checking if : is a manifest tool
configure:8389: : '-?'
configure:8397: result: no
configure:9118: checking for dlfcn.h
configure:9118: arm-poky-linux-gnueabi-gcc  -mfpu=neon -mfloat-abi=hard -mcpu=cortex-a8 -fstack-protector-strong  -O2 -D_FORTIFY_SOURCE=2 -Wformat -Wformat-security -Werror=format-security --sysroot=/home/vinh/Yocto/poky/build-vinh/tmp/work/cortexa8hf-neon-poky-linux-gnueabi/acl/2.3.1-r0/recipe-sysroot -c  -O2 -pipe -g -feliminate-unused-debug-types -fmacro-prefix-map=/home/vinh/Yocto/poky/build-vinh/tmp/work/cortexa8hf-neon-poky-linux-gnueabi/acl/2.3.1-r0=/usr/src/debug/acl/2.3.1-r0                      -fdebug-prefix-map=/home/vinh/Yocto/poky/build-vinh/tmp/work/cortexa8hf-neon-poky-linux-gnueabi/acl/2.3.1-r0=/usr/src/debug/acl/2.3.1-r0                      -fdebug-prefix-map=/home/vinh/Yocto/poky/build-vinh/tmp/work/cortexa8hf-neon-poky-linux-gnueabi/acl/2.3.1-r0/recipe-sysroot=                      -fdebug-prefix-map=/home/vinh/Yocto/poky/build-vinh/tmp/work/cortexa8hf-neon-poky-linux-gnueabi/acl/2.3.1-r0/recipe-sysroot-native=  -fvisibility=hidden  conftest.c >&5
configure:9118: $? = 0
configure:9118: result: yes
configure:9377: checking for objdir
configure:9393: result: .libs
configure:9653: checking if arm-poky-linux-gnueabi-gcc  -mfpu=neon -mfloat-abi=hard -mcpu=cortex-a8 -fstack-protector-strong  -O2 -D_FORTIFY_SOURCE=2 -Wformat -Wformat-security -Werror=format-security --sysroot=/home/vinh/Yocto/poky/build-vinh/tmp/work/cortexa8hf-neon-poky-linux-gnueabi/acl/2.3.1-r0/recipe-sysroot supports -fno-rtti -fno-exceptions
configure:9672: arm-poky-linux-gnueabi-gcc  -mfpu=neon -mfloat-abi=hard -mcpu=cortex-a8 -fstack-protector-strong  -O2 -D_FORTIFY_SOURCE=2 -Wformat -Wformat-security -Werror=format-security --sysroot=/home/vinh/Yocto/poky/build-vinh/tmp/work/cortexa8hf-neon-poky-linux-gnueabi/acl/2.3.1-r0/recipe-sysroot -c  -O2 -pipe -g -feliminate-unused-debug-types -fmacro-prefix-map=/home/vinh/Yocto/poky/build-vinh/tmp/work/cortexa8hf-neon-poky-linux-gnueabi/acl/2.3.1-r0=/usr/src/debug/acl/2.3.1-r0                      -fdebug-prefix-map=/home/vinh/Yocto/poky/build-vinh/tmp/work/cortexa8hf-neon-poky-linux-gnueabi/acl/2.3.1-r0=/usr/src/debug/acl/2.3.1-r0                      -fdebug-prefix-map=/home/vinh/Yocto/poky/build-vinh/tmp/work/cortexa8hf-neon-poky-linux-gnueabi/acl/2.3.1-r0/recipe-sysroot=                      -fdebug-prefix-map=/home/vinh/Yocto/poky/build-vinh/tmp/work/cortexa8hf-neon-poky-linux-gnueabi/acl/2.3.1-r0/recipe-sysroot-native=  -fvisibility=hidden  -fno-rtti -fno-exceptions conftest.c >&5
cc1: warning: command-line option '-fno-rtti' is valid for C++/D/ObjC++ but not for C
configure:9676: $? = 0
configure:9689: result: no
configure:10047: checking for arm-poky-linux-gnueabi-gcc  -mfpu=neon -mfloat-abi=hard -mcpu=cortex-a8 -fstack-protector-strong  -O2 -D_FORTIFY_SOURCE=2 -Wformat -Wformat-security -Werror=format-security --sysroot=/home/vinh/Yocto/poky/build-vinh/tmp/work/cortexa8hf-neon-poky-linux-gnueabi/acl/2.3.1-r0/recipe-sysroot option to produce PIC
configure:10055: result: -fPIC -DPIC
configure:10063: checking if arm-poky-linux-gnueabi-gcc  -mfpu=neon -mfloat-abi=hard -mcpu=cortex-a8 -fstack-protector-strong  -O2 -D_FORTIFY_SOURCE=2 -Wformat -Wformat-security -Werror=format-security --sysroot=/home/vinh/Yocto/poky/build-vinh/tmp/work/cortexa8hf-neon-poky-linux-gnueabi/acl/2.3.1-r0/recipe-sysroot PIC flag -fPIC -DPIC works
configure:10082: arm-poky-linux-gnueabi-gcc  -mfpu=neon -mfloat-abi=hard -mcpu=cortex-a8 -fstack-protector-strong  -O2 -D_FORTIFY_SOURCE=2 -Wformat -Wformat-security -Werror=format-security --sysroot=/home/vinh/Yocto/poky/build-vinh/tmp/work/cortexa8hf-neon-poky-linux-gnueabi/acl/2.3.1-r0/recipe-sysroot -c  -O2 -pipe -g -feliminate-unused-debug-types -fmacro-prefix-map=/home/vinh/Yocto/poky/build-vinh/tmp/work/cortexa8hf-neon-poky-linux-gnueabi/acl/2.3.1-r0=/usr/src/debug/acl/2.3.1-r0                      -fdebug-prefix-map=/home/vinh/Yocto/poky/build-vinh/tmp/work/cortexa8hf-neon-poky-linux-gnueabi/acl/2.3.1-r0=/usr/src/debug/acl/2.3.1-r0                      -fdebug-prefix-map=/home/vinh/Yocto/poky/build-vinh/tmp/work/cortexa8hf-neon-poky-linux-gnueabi/acl/2.3.1-r0/recipe-sysroot=                      -fdebug-prefix-map=/home/vinh/Yocto/poky/build-vinh/tmp/work/cortexa8hf-neon-poky-linux-gnueabi/acl/2.3.1-r0/recipe-sysroot-native=  -fvisibility=hidden  -fPIC -DPIC -DPIC conftest.c >&5
configure:10086: $? = 0
configure:10099: result: yes
configure:10128: checking if arm-poky-linux-gnueabi-gcc  -mfpu=neon -mfloat-abi=hard -mcpu=cortex-a8 -fstack-protector-strong  -O2 -D_FORTIFY_SOURCE=2 -Wformat -Wformat-security -Werror=format-security --sysroot=/home/vinh/Yocto/poky/build-vinh/tmp/work/cortexa8hf-neon-poky-linux-gnueabi/acl/2.3.1-r0/recipe-sysroot static flag -static works
configure:10157: result: yes
configure:10172: checking if arm-poky-linux-gnueabi-gcc  -mfpu=neon -mfloat-abi=hard -mcpu=cortex-a8 -fstack-protector-strong  -O2 -D_FORTIFY_SOURCE=2 -Wformat -Wformat-security -Werror=format-security --sysroot=/home/vinh/Yocto/poky/build-vinh/tmp/work/cortexa8hf-neon-poky-linux-gnueabi/acl/2.3.1-r0/recipe-sysroot supports -c -o file.o
configure:10194: arm-poky-linux-gnueabi-gcc  -mfpu=neon -mfloat-abi=hard -mcpu=cortex-a8 -fstack-protector-strong  -O2 -D_FORTIFY_SOURCE=2 -Wformat -Wformat-security -Werror=format-security --sysroot=/home/vinh/Yocto/poky/build-vinh/tmp/work/cortexa8hf-neon-poky-linux-gnueabi/acl/2.3.1-r0/recipe-sysroot -c  -O2 -pipe -g -feliminate-unused-debug-types -fmacro-prefix-map=/home/vinh/Yocto/poky/build-vinh/tmp/work/cortexa8hf-neon-poky-linux-gnueabi/acl/2.3.1-r0=/usr/src/debug/acl/2.3.1-r0                      -fdebug-prefix-map=/home/vinh/Yocto/poky/build-vinh/tmp/work/cortexa8hf-neon-poky-linux-gnueabi/acl/2.3.1-r0=/usr/src/debug/acl/2.3.1-r0                      -fdebug-prefix-map=/home/vinh/Yocto/poky/build-vinh/tmp/work/cortexa8hf-neon-poky-linux-gnueabi/acl/2.3.1-r0/recipe-sysroot=                      -fdebug-prefix-map=/home/vinh/Yocto/poky/build-vinh/tmp/work/cortexa8hf-neon-poky-linux-gnueabi/acl/2.3.1-r0/recipe-sysroot-native=  -fvisibility=hidden  -o out/conftest2.o conftest.c >&5
configure:10198: $? = 0
configure:10220: result: yes
configure:10228: checking if arm-poky-linux-gnueabi-gcc  -mfpu=neon -mfloat-abi=hard -mcpu=cortex-a8 -fstack-protector-strong  -O2 -D_FORTIFY_SOURCE=2 -Wformat -Wformat-security -Werror=format-security --sysroot=/home/vinh/Yocto/poky/build-vinh/tmp/work/cortexa8hf-neon-poky-linux-gnueabi/acl/2.3.1-r0/recipe-sysroot supports -c -o file.o
configure:10276: result: yes
configure:10309: checking whether the arm-poky-linux-gnueabi-gcc  -mfpu=neon -mfloat-abi=hard -mcpu=cortex-a8 -fstack-protector-strong  -O2 -D_FORTIFY_SOURCE=2 -Wformat -Wformat-security -Werror=format-security --sysroot=/home/vinh/Yocto/poky/build-vinh/tmp/work/cortexa8hf-neon-poky-linux-gnueabi/acl/2.3.1-r0/recipe-sysroot linker (arm-poky-linux-gnueabi-ld --sysroot=/home/vinh/Yocto/poky/build-vinh/tmp/work/cortexa8hf-neon-poky-linux-gnueabi/acl/2.3.1-r0/recipe-sysroot ) supports shared libraries
configure:11577: result: yes
configure:11614: checking whether -lc should be explicitly linked in
configure:11623: arm-poky-linux-gnueabi-gcc  -mfpu=neon -mfloat-abi=hard -mcpu=cortex-a8 -fstack-protector-strong  -O2 -D_FORTIFY_SOURCE=2 -Wformat -Wformat-security -Werror=format-security --sysroot=/home/vinh/Yocto/poky/build-vinh/tmp/work/cortexa8hf-neon-poky-linux-gnueabi/acl/2.3.1-r0/recipe-sysroot -c  -O2 -pipe -g -feliminate-unused-debug-types -fmacro-prefix-map=/home/vinh/Yocto/poky/build-vinh/tmp/work/cortexa8hf-neon-poky-linux-gnueabi/acl/2.3.1-r0=/usr/src/debug/acl/2.3.1-r0                      -fdebug-prefix-map=/home/vinh/Yocto/poky/build-vinh/tmp/work/cortexa8hf-neon-poky-linux-gnueabi/acl/2.3.1-r0=/usr/src/debug/acl/2.3.1-r0                      -fdebug-prefix-map=/home/vinh/Yocto/poky/build-vinh/tmp/work/cortexa8hf-neon-poky-linux-gnueabi/acl/2.3.1-r0/recipe-sysroot=                      -fdebug-prefix-map=/home/vinh/Yocto/poky/build-vinh/tmp/work/cortexa8hf-neon-poky-linux-gnueabi/acl/2.3.1-r0/recipe-sysroot-native=  -fvisibility=hidden  conftest.c >&5
configure:11626: $? = 0
configure:11641: arm-poky-linux-gnueabi-gcc  -mfpu=neon -mfloat-abi=hard -mcpu=cortex-a8 -fstack-protector-strong  -O2 -D_FORTIFY_SOURCE=2 -Wformat -Wformat-security -Werror=format-security --sysroot=/home/vinh/Yocto/poky/build-vinh/tmp/work/cortexa8hf-neon-poky-linux-gnueabi/acl/2.3.1-r0/recipe-sysroot -shared  -fPIC -DPIC conftest.o  -v -Wl,-soname -Wl,conftest -o conftest 2\>\&1 \| /home/vinh/Yocto/poky/build-vinh/tmp/hosttools/grep  -lc  \>/dev/null 2\>\&1
configure:11644: $? = 0
configure:11658: result: no
configure:11818: checking dynamic linker characteristics
configure:12400: arm-poky-linux-gnueabi-gcc  -mfpu=neon -mfloat-abi=hard -mcpu=cortex-a8 -fstack-protector-strong  -O2 -D_FORTIFY_SOURCE=2 -Wformat -Wformat-security -Werror=format-security --sysroot=/home/vinh/Yocto/poky/build-vinh/tmp/work/cortexa8hf-neon-poky-linux-gnueabi/acl/2.3.1-r0/recipe-sysroot -o conftest  -O2 -pipe -g -feliminate-unused-debug-types -fmacro-prefix-map=/home/vinh/Yocto/poky/build-vinh/tmp/work/cortexa8hf-neon-poky-linux-gnueabi/acl/2.3.1-r0=/usr/src/debug/acl/2.3.1-r0                      -fdebug-prefix-map=/home/vinh/Yocto/poky/build-vinh/tmp/work/cortexa8hf-neon-poky-linux-gnueabi/acl/2.3.1-r0=/usr/src/debug/acl/2.3.1-r0                      -fdebug-prefix-map=/home/vinh/Yocto/poky/build-vinh/tmp/work/cortexa8hf-neon-poky-linux-gnueabi/acl/2.3.1-r0/recipe-sysroot=                      -fdebug-prefix-map=/home/vinh/Yocto/poky/build-vinh/tmp/work/cortexa8hf-neon-poky-linux-gnueabi/acl/2.3.1-r0/recipe-sysroot-native=  -fvisibility=hidden  -Wl,-O1 -Wl,--hash-style=gnu -Wl,--as-needed -fmacro-prefix-map=/home/vinh/Yocto/poky/build-vinh/tmp/work/cortexa8hf-neon-poky-linux-gnueabi/acl/2.3.1-r0=/usr/src/debug/acl/2.3.1-r0                      -fdebug-prefix-map=/home/vinh/Yocto/poky/build-vinh/tmp/work/cortexa8hf-neon-poky-linux-gnueabi/acl/2.3.1-r0=/usr/src/debug/acl/2.3.1-r0                      -fdebug-prefix-map=/home/vinh/Yocto/poky/build-vinh/tmp/work/cortexa8hf-neon-poky-linux-gnueabi/acl/2.3.1-r0/recipe-sysroot=                      -fdebug-prefix-map=/home/vinh/Yocto/poky/build-vinh/tmp/work/cortexa8hf-neon-poky-linux-gnueabi/acl/2.3.1-r0/recipe-sysroot-native=  -Wl,-z,relro,-z,now -Wl,-rpath -Wl,/foo conftest.c  >&5
configure:12400: $? = 0
configure:12639: result: GNU/Linux ld.so
configure:12761: checking how to hardcode library paths into programs
configure:12786: result: immediate
configure:13338: checking whether stripping libraries is possible
configure:13347: result: yes
configure:13389: checking if libtool supports shared libraries
configure:13391: result: yes
configure:13394: checking whether to build shared libraries
configure:13419: result: yes
configure:13422: checking whether to build static libraries
configure:13426: result: no
configure:13466: checking whether NLS is requested
configure:13476: result: yes
configure:13516: checking for msgfmt
configure: trying /home/vinh/Yocto/poky/build-vinh/tmp/work/cortexa8hf-neon-poky-linux-gnueabi/acl/2.3.1-r0/recipe-sysroot-native/usr/bin/msgfmt...
0 translated messages.
configure:13549: result: /home/vinh/Yocto/poky/build-vinh/tmp/work/cortexa8hf-neon-poky-linux-gnueabi/acl/2.3.1-r0/recipe-sysroot-native/usr/bin/msgfmt
configure:13558: checking for gmsgfmt
configure:13594: result: /home/vinh/Yocto/poky/build-vinh/tmp/work/cortexa8hf-neon-poky-linux-gnueabi/acl/2.3.1-r0/recipe-sysroot-native/usr/bin/msgfmt
configure:13639: checking for xgettext
configure: trying /home/vinh/Yocto/poky/build-vinh/tmp/work/cortexa8hf-neon-poky-linux-gnueabi/acl/2.3.1-r0/recipe-sysroot-native/usr/bin/xgettext...
/home/vinh/Yocto/poky/build-vinh/tmp/work/cortexa8hf-neon-poky-linux-gnueabi/acl/2.3.1-r0/recipe-sysroot-native/usr/bin/xgettext: warning: file '/dev/null' extension '' is unknown; will try C
configure:13672: result: /home/vinh/Yocto/poky/build-vinh/tmp/work/cortexa8hf-neon-poky-linux-gnueabi/acl/2.3.1-r0/recipe-sysroot-native/usr/bin/xgettext
configure:13717: checking for msgmerge
configure: trying /home/vinh/Yocto/poky/build-vinh/tmp/work/cortexa8hf-neon-poky-linux-gnueabi/acl/2.3.1-r0/recipe-sysroot-native/usr/bin/msgmerge...
configure:13749: result: /home/vinh/Yocto/poky/build-vinh/tmp/work/cortexa8hf-neon-poky-linux-gnueabi/acl/2.3.1-r0/recipe-sysroot-native/usr/bin/msgmerge
configure:13814: checking for ld
configure:13945: result: arm-poky-linux-gnueabi-ld --sysroot=/home/vinh/Yocto/poky/build-vinh/tmp/work/cortexa8hf-neon-poky-linux-gnueabi/acl/2.3.1-r0/recipe-sysroot 
configure:13952: checking if the linker (arm-poky-linux-gnueabi-ld --sysroot=/home/vinh/Yocto/poky/build-vinh/tmp/work/cortexa8hf-neon-poky-linux-gnueabi/acl/2.3.1-r0/recipe-sysroot ) is GNU ld
configure:13968: result: yes
configure:13976: checking for shared library run path origin
configure:13990: result: done
configure:14012: checking 32-bit host C ABI
configure:14104: arm-poky-linux-gnueabi-gcc  -mfpu=neon -mfloat-abi=hard -mcpu=cortex-a8 -fstack-protector-strong  -O2 -D_FORTIFY_SOURCE=2 -Wformat -Wformat-security -Werror=format-security --sysroot=/home/vinh/Yocto/poky/build-vinh/tmp/work/cortexa8hf-neon-poky-linux-gnueabi/acl/2.3.1-r0/recipe-sysroot -c  -O2 -pipe -g -feliminate-unused-debug-types -fmacro-prefix-map=/home/vinh/Yocto/poky/build-vinh/tmp/work/cortexa8hf-neon-poky-linux-gnueabi/acl/2.3.1-r0=/usr/src/debug/acl/2.3.1-r0                      -fdebug-prefix-map=/home/vinh/Yocto/poky/build-vinh/tmp/work/cortexa8hf-neon-poky-linux-gnueabi/acl/2.3.1-r0=/usr/src/debug/acl/2.3.1-r0                      -fdebug-prefix-map=/home/vinh/Yocto/poky/build-vinh/tmp/work/cortexa8hf-neon-poky-linux-gnueabi/acl/2.3.1-r0/recipe-sysroot=                      -fdebug-prefix-map=/home/vinh/Yocto/poky/build-vinh/tmp/work/cortexa8hf-neon-poky-linux-gnueabi/acl/2.3.1-r0/recipe-sysroot-native=  -fvisibility=hidden  conftest.c >&5
conftest.c:46:20: error: unknown type name 'error'
   46 |                    error fail
      |                    ^~~~~
conftest.c:46:20: error: expected '=', ',', ';', 'asm' or '__attribute__' at end of input
configure:14104: $? = 1
configure: failed program was:
| /* confdefs.h */
| #define PACKAGE_NAME "acl"
| #define PACKAGE_TARNAME "acl"
| #define PACKAGE_VERSION "2.3.1"
| #define PACKAGE_STRING "acl 2.3.1"
| #define PACKAGE_BUGREPORT "acl-devel@nongnu.org"
| #define PACKAGE_URL ""
| #define PACKAGE "acl"
| #define VERSION "2.3.1"
| #define HAVE_STDIO_H 1
| #define HAVE_STDLIB_H 1
| #define HAVE_STRING_H 1
| #define HAVE_INTTYPES_H 1
| #define HAVE_STDINT_H 1
| #define HAVE_STRINGS_H 1
| #define HAVE_SYS_STAT_H 1
| #define HAVE_SYS_TYPES_H 1
| #define HAVE_UNISTD_H 1
| #define HAVE_WCHAR_H 1
| #define STDC_HEADERS 1
| #define _ALL_SOURCE 1
| #define _DARWIN_C_SOURCE 1
| #define _GNU_SOURCE 1
| #define _HPUX_ALT_XOPEN_SOCKET_API 1
| #define _NETBSD_SOURCE 1
| #define _OPENBSD_SOURCE 1
| #define _POSIX_PTHREAD_SEMANTICS 1
| #define __STDC_WANT_IEC_60559_ATTRIBS_EXT__ 1
| #define __STDC_WANT_IEC_60559_BFP_EXT__ 1
| #define __STDC_WANT_IEC_60559_DFP_EXT__ 1
| #define __STDC_WANT_IEC_60559_FUNCS_EXT__ 1
| #define __STDC_WANT_IEC_60559_TYPES_EXT__ 1
| #define __STDC_WANT_LIB_EXT2__ 1
| #define __STDC_WANT_MATH_SPEC_FUNCS__ 1
| #define _TANDEM_SOURCE 1
| #define __EXTENSIONS__ 1
| #define HAVE_VISIBILITY_ATTRIBUTE /**/
| #define EXPORT __attribute__ ((visibility ("default"))) extern
| #define _FILE_OFFSET_BITS 64
| #define HAVE_DLFCN_H 1
| #define LT_OBJDIR ".libs/"
| /* end confdefs.h.  */
| #if defined __aarch64__ && !(defined __ILP32__ || defined _ILP32)
|                    int ok;
|                   #else
|                    error fail
|                   #endif
| 
configure:14275: result: yes
configure:14285: checking how to run the C preprocessor
configure:14353: result: arm-poky-linux-gnueabi-gcc -E --sysroot=/home/vinh/Yocto/poky/build-vinh/tmp/work/cortexa8hf-neon-poky-linux-gnueabi/acl/2.3.1-r0/recipe-sysroot  -mfpu=neon -mfloat-abi=hard -mcpu=cortex-a8 -fstack-protector-strong  -O2 -D_FORTIFY_SOURCE=2 -Wformat -Wformat-security -Werror=format-security
configure:14367: arm-poky-linux-gnueabi-gcc -E --sysroot=/home/vinh/Yocto/poky/build-vinh/tmp/work/cortexa8hf-neon-poky-linux-gnueabi/acl/2.3.1-r0/recipe-sysroot  -mfpu=neon -mfloat-abi=hard -mcpu=cortex-a8 -fstack-protector-strong  -O2 -D_FORTIFY_SOURCE=2 -Wformat -Wformat-security -Werror=format-security  conftest.c
configure:14367: $? = 0
configure:14382: arm-poky-linux-gnueabi-gcc -E --sysroot=/home/vinh/Yocto/poky/build-vinh/tmp/work/cortexa8hf-neon-poky-linux-gnueabi/acl/2.3.1-r0/recipe-sysroot  -mfpu=neon -mfloat-abi=hard -mcpu=cortex-a8 -fstack-protector-strong  -O2 -D_FORTIFY_SOURCE=2 -Wformat -Wformat-security -Werror=format-security  conftest.c
conftest.c:43:10: fatal error: ac_nonexistent.h: No such file or directory
   43 | #include <ac_nonexistent.h>
      |          ^~~~~~~~~~~~~~~~~~
compilation terminated.
configure:14382: $? = 1
configure: failed program was:
| /* confdefs.h */
| #define PACKAGE_NAME "acl"
| #define PACKAGE_TARNAME "acl"
| #define PACKAGE_VERSION "2.3.1"
| #define PACKAGE_STRING "acl 2.3.1"
| #define PACKAGE_BUGREPORT "acl-devel@nongnu.org"
| #define PACKAGE_URL ""
| #define PACKAGE "acl"
| #define VERSION "2.3.1"
| #define HAVE_STDIO_H 1
| #define HAVE_STDLIB_H 1
| #define HAVE_STRING_H 1
| #define HAVE_INTTYPES_H 1
| #define HAVE_STDINT_H 1
| #define HAVE_STRINGS_H 1
| #define HAVE_SYS_STAT_H 1
| #define HAVE_SYS_TYPES_H 1
| #define HAVE_UNISTD_H 1
| #define HAVE_WCHAR_H 1
| #define STDC_HEADERS 1
| #define _ALL_SOURCE 1
| #define _DARWIN_C_SOURCE 1
| #define _GNU_SOURCE 1
| #define _HPUX_ALT_XOPEN_SOCKET_API 1
| #define _NETBSD_SOURCE 1
| #define _OPENBSD_SOURCE 1
| #define _POSIX_PTHREAD_SEMANTICS 1
| #define __STDC_WANT_IEC_60559_ATTRIBS_EXT__ 1
| #define __STDC_WANT_IEC_60559_BFP_EXT__ 1
| #define __STDC_WANT_IEC_60559_DFP_EXT__ 1
| #define __STDC_WANT_IEC_60559_FUNCS_EXT__ 1
| #define __STDC_WANT_IEC_60559_TYPES_EXT__ 1
| #define __STDC_WANT_LIB_EXT2__ 1
| #define __STDC_WANT_MATH_SPEC_FUNCS__ 1
| #define _TANDEM_SOURCE 1
| #define __EXTENSIONS__ 1
| #define HAVE_VISIBILITY_ATTRIBUTE /**/
| #define EXPORT __attribute__ ((visibility ("default"))) extern
| #define _FILE_OFFSET_BITS 64
| #define HAVE_DLFCN_H 1
| #define LT_OBJDIR ".libs/"
| /* end confdefs.h.  */
| #include <ac_nonexistent.h>
configure:14417: checking for ELF binary format
configure:14441: result: yes
configure:14490: checking for the common suffixes of directories in the library search path
configure:14559: result: lib,lib32,lib
configure:15077: checking for CFPreferencesCopyAppValue
configure:15096: arm-poky-linux-gnueabi-gcc  -mfpu=neon -mfloat-abi=hard -mcpu=cortex-a8 -fstack-protector-strong  -O2 -D_FORTIFY_SOURCE=2 -Wformat -Wformat-security -Werror=format-security --sysroot=/home/vinh/Yocto/poky/build-vinh/tmp/work/cortexa8hf-neon-poky-linux-gnueabi/acl/2.3.1-r0/recipe-sysroot -o conftest  -O2 -pipe -g -feliminate-unused-debug-types -fmacro-prefix-map=/home/vinh/Yocto/poky/build-vinh/tmp/work/cortexa8hf-neon-poky-linux-gnueabi/acl/2.3.1-r0=/usr/src/debug/acl/2.3.1-r0                      -fdebug-prefix-map=/home/vinh/Yocto/poky/build-vinh/tmp/work/cortexa8hf-neon-poky-linux-gnueabi/acl/2.3.1-r0=/usr/src/debug/acl/2.3.1-r0                      -fdebug-prefix-map=/home/vinh/Yocto/poky/build-vinh/tmp/work/cortexa8hf-neon-poky-linux-gnueabi/acl/2.3.1-r0/recipe-sysroot=                      -fdebug-prefix-map=/home/vinh/Yocto/poky/build-vinh/tmp/work/cortexa8hf-neon-poky-linux-gnueabi/acl/2.3.1-r0/recipe-sysroot-native=  -fvisibility=hidden  -Wl,-O1 -Wl,--hash-style=gnu -Wl,--as-needed -fmacro-prefix-map=/home/vinh/Yocto/poky/build-vinh/tmp/work/cortexa8hf-neon-poky-linux-gnueabi/acl/2.3.1-r0=/usr/src/debug/acl/2.3.1-r0                      -fdebug-prefix-map=/home/vinh/Yocto/poky/build-vinh/tmp/work/cortexa8hf-neon-poky-linux-gnueabi/acl/2.3.1-r0=/usr/src/debug/acl/2.3.1-r0                      -fdebug-prefix-map=/home/vinh/Yocto/poky/build-vinh/tmp/work/cortexa8hf-neon-poky-linux-gnueabi/acl/2.3.1-r0/recipe-sysroot=                      -fdebug-prefix-map=/home/vinh/Yocto/poky/build-vinh/tmp/work/cortexa8hf-neon-poky-linux-gnueabi/acl/2.3.1-r0/recipe-sysroot-native=  -Wl,-z,relro,-z,now conftest.c  -Wl,-framework -Wl,CoreFoundation >&5
conftest.c:43:10: fatal error: CoreFoundation/CFPreferences.h: No such file or directory
   43 | #include <CoreFoundation/CFPreferences.h>
      |          ^~~~~~~~~~~~~~~~~~~~~~~~~~~~~~~~
compilation terminated.
configure:15096: $? = 1
configure: failed program was:
| /* confdefs.h */
| #define PACKAGE_NAME "acl"
| #define PACKAGE_TARNAME "acl"
| #define PACKAGE_VERSION "2.3.1"
| #define PACKAGE_STRING "acl 2.3.1"
| #define PACKAGE_BUGREPORT "acl-devel@nongnu.org"
| #define PACKAGE_URL ""
| #define PACKAGE "acl"
| #define VERSION "2.3.1"
| #define HAVE_STDIO_H 1
| #define HAVE_STDLIB_H 1
| #define HAVE_STRING_H 1
| #define HAVE_INTTYPES_H 1
| #define HAVE_STDINT_H 1
| #define HAVE_STRINGS_H 1
| #define HAVE_SYS_STAT_H 1
| #define HAVE_SYS_TYPES_H 1
| #define HAVE_UNISTD_H 1
| #define HAVE_WCHAR_H 1
| #define STDC_HEADERS 1
| #define _ALL_SOURCE 1
| #define _DARWIN_C_SOURCE 1
| #define _GNU_SOURCE 1
| #define _HPUX_ALT_XOPEN_SOCKET_API 1
| #define _NETBSD_SOURCE 1
| #define _OPENBSD_SOURCE 1
| #define _POSIX_PTHREAD_SEMANTICS 1
| #define __STDC_WANT_IEC_60559_ATTRIBS_EXT__ 1
| #define __STDC_WANT_IEC_60559_BFP_EXT__ 1
| #define __STDC_WANT_IEC_60559_DFP_EXT__ 1
| #define __STDC_WANT_IEC_60559_FUNCS_EXT__ 1
| #define __STDC_WANT_IEC_60559_TYPES_EXT__ 1
| #define __STDC_WANT_LIB_EXT2__ 1
| #define __STDC_WANT_MATH_SPEC_FUNCS__ 1
| #define _TANDEM_SOURCE 1
| #define __EXTENSIONS__ 1
| #define HAVE_VISIBILITY_ATTRIBUTE /**/
| #define EXPORT __attribute__ ((visibility ("default"))) extern
| #define _FILE_OFFSET_BITS 64
| #define HAVE_DLFCN_H 1
| #define LT_OBJDIR ".libs/"
| /* end confdefs.h.  */
| #include <CoreFoundation/CFPreferences.h>
| int
| main (void)
| {
| CFPreferencesCopyAppValue(NULL, NULL)
|   ;
|   return 0;
| }
configure:15106: result: no
configure:15113: checking for CFLocaleCopyCurrent
configure:15132: arm-poky-linux-gnueabi-gcc  -mfpu=neon -mfloat-abi=hard -mcpu=cortex-a8 -fstack-protector-strong  -O2 -D_FORTIFY_SOURCE=2 -Wformat -Wformat-security -Werror=format-security --sysroot=/home/vinh/Yocto/poky/build-vinh/tmp/work/cortexa8hf-neon-poky-linux-gnueabi/acl/2.3.1-r0/recipe-sysroot -o conftest  -O2 -pipe -g -feliminate-unused-debug-types -fmacro-prefix-map=/home/vinh/Yocto/poky/build-vinh/tmp/work/cortexa8hf-neon-poky-linux-gnueabi/acl/2.3.1-r0=/usr/src/debug/acl/2.3.1-r0                      -fdebug-prefix-map=/home/vinh/Yocto/poky/build-vinh/tmp/work/cortexa8hf-neon-poky-linux-gnueabi/acl/2.3.1-r0=/usr/src/debug/acl/2.3.1-r0                      -fdebug-prefix-map=/home/vinh/Yocto/poky/build-vinh/tmp/work/cortexa8hf-neon-poky-linux-gnueabi/acl/2.3.1-r0/recipe-sysroot=                      -fdebug-prefix-map=/home/vinh/Yocto/poky/build-vinh/tmp/work/cortexa8hf-neon-poky-linux-gnueabi/acl/2.3.1-r0/recipe-sysroot-native=  -fvisibility=hidden  -Wl,-O1 -Wl,--hash-style=gnu -Wl,--as-needed -fmacro-prefix-map=/home/vinh/Yocto/poky/build-vinh/tmp/work/cortexa8hf-neon-poky-linux-gnueabi/acl/2.3.1-r0=/usr/src/debug/acl/2.3.1-r0                      -fdebug-prefix-map=/home/vinh/Yocto/poky/build-vinh/tmp/work/cortexa8hf-neon-poky-linux-gnueabi/acl/2.3.1-r0=/usr/src/debug/acl/2.3.1-r0                      -fdebug-prefix-map=/home/vinh/Yocto/poky/build-vinh/tmp/work/cortexa8hf-neon-poky-linux-gnueabi/acl/2.3.1-r0/recipe-sysroot=                      -fdebug-prefix-map=/home/vinh/Yocto/poky/build-vinh/tmp/work/cortexa8hf-neon-poky-linux-gnueabi/acl/2.3.1-r0/recipe-sysroot-native=  -Wl,-z,relro,-z,now conftest.c  -Wl,-framework -Wl,CoreFoundation >&5
conftest.c:43:10: fatal error: CoreFoundation/CFLocale.h: No such file or directory
   43 | #include <CoreFoundation/CFLocale.h>
      |          ^~~~~~~~~~~~~~~~~~~~~~~~~~~
compilation terminated.
configure:15132: $? = 1
configure: failed program was:
| /* confdefs.h */
| #define PACKAGE_NAME "acl"
| #define PACKAGE_TARNAME "acl"
| #define PACKAGE_VERSION "2.3.1"
| #define PACKAGE_STRING "acl 2.3.1"
| #define PACKAGE_BUGREPORT "acl-devel@nongnu.org"
| #define PACKAGE_URL ""
| #define PACKAGE "acl"
| #define VERSION "2.3.1"
| #define HAVE_STDIO_H 1
| #define HAVE_STDLIB_H 1
| #define HAVE_STRING_H 1
| #define HAVE_INTTYPES_H 1
| #define HAVE_STDINT_H 1
| #define HAVE_STRINGS_H 1
| #define HAVE_SYS_STAT_H 1
| #define HAVE_SYS_TYPES_H 1
| #define HAVE_UNISTD_H 1
| #define HAVE_WCHAR_H 1
| #define STDC_HEADERS 1
| #define _ALL_SOURCE 1
| #define _DARWIN_C_SOURCE 1
| #define _GNU_SOURCE 1
| #define _HPUX_ALT_XOPEN_SOCKET_API 1
| #define _NETBSD_SOURCE 1
| #define _OPENBSD_SOURCE 1
| #define _POSIX_PTHREAD_SEMANTICS 1
| #define __STDC_WANT_IEC_60559_ATTRIBS_EXT__ 1
| #define __STDC_WANT_IEC_60559_BFP_EXT__ 1
| #define __STDC_WANT_IEC_60559_DFP_EXT__ 1
| #define __STDC_WANT_IEC_60559_FUNCS_EXT__ 1
| #define __STDC_WANT_IEC_60559_TYPES_EXT__ 1
| #define __STDC_WANT_LIB_EXT2__ 1
| #define __STDC_WANT_MATH_SPEC_FUNCS__ 1
| #define _TANDEM_SOURCE 1
| #define __EXTENSIONS__ 1
| #define HAVE_VISIBILITY_ATTRIBUTE /**/
| #define EXPORT __attribute__ ((visibility ("default"))) extern
| #define _FILE_OFFSET_BITS 64
| #define HAVE_DLFCN_H 1
| #define LT_OBJDIR ".libs/"
| /* end confdefs.h.  */
| #include <CoreFoundation/CFLocale.h>
| int
| main (void)
| {
| CFLocaleCopyCurrent();
|   ;
|   return 0;
| }
configure:15142: result: no
configure:15191: checking for GNU gettext in libc
configure:15221: arm-poky-linux-gnueabi-gcc  -mfpu=neon -mfloat-abi=hard -mcpu=cortex-a8 -fstack-protector-strong  -O2 -D_FORTIFY_SOURCE=2 -Wformat -Wformat-security -Werror=format-security --sysroot=/home/vinh/Yocto/poky/build-vinh/tmp/work/cortexa8hf-neon-poky-linux-gnueabi/acl/2.3.1-r0/recipe-sysroot -o conftest  -O2 -pipe -g -feliminate-unused-debug-types -fmacro-prefix-map=/home/vinh/Yocto/poky/build-vinh/tmp/work/cortexa8hf-neon-poky-linux-gnueabi/acl/2.3.1-r0=/usr/src/debug/acl/2.3.1-r0                      -fdebug-prefix-map=/home/vinh/Yocto/poky/build-vinh/tmp/work/cortexa8hf-neon-poky-linux-gnueabi/acl/2.3.1-r0=/usr/src/debug/acl/2.3.1-r0                      -fdebug-prefix-map=/home/vinh/Yocto/poky/build-vinh/tmp/work/cortexa8hf-neon-poky-linux-gnueabi/acl/2.3.1-r0/recipe-sysroot=                      -fdebug-prefix-map=/home/vinh/Yocto/poky/build-vinh/tmp/work/cortexa8hf-neon-poky-linux-gnueabi/acl/2.3.1-r0/recipe-sysroot-native=  -fvisibility=hidden  -Wl,-O1 -Wl,--hash-style=gnu -Wl,--as-needed -fmacro-prefix-map=/home/vinh/Yocto/poky/build-vinh/tmp/work/cortexa8hf-neon-poky-linux-gnueabi/acl/2.3.1-r0=/usr/src/debug/acl/2.3.1-r0                      -fdebug-prefix-map=/home/vinh/Yocto/poky/build-vinh/tmp/work/cortexa8hf-neon-poky-linux-gnueabi/acl/2.3.1-r0=/usr/src/debug/acl/2.3.1-r0                      -fdebug-prefix-map=/home/vinh/Yocto/poky/build-vinh/tmp/work/cortexa8hf-neon-poky-linux-gnueabi/acl/2.3.1-r0/recipe-sysroot=                      -fdebug-prefix-map=/home/vinh/Yocto/poky/build-vinh/tmp/work/cortexa8hf-neon-poky-linux-gnueabi/acl/2.3.1-r0/recipe-sysroot-native=  -Wl,-z,relro,-z,now conftest.c  >&5
configure:15221: $? = 0
configure:15231: result: yes
configure:16122: checking whether to use NLS
configure:16124: result: yes
configure:16127: checking where the gettext function comes from
configure:16138: result: libc
configure:16217: checking for attr/error_context.h
configure:16217: arm-poky-linux-gnueabi-gcc  -mfpu=neon -mfloat-abi=hard -mcpu=cortex-a8 -fstack-protector-strong  -O2 -D_FORTIFY_SOURCE=2 -Wformat -Wformat-security -Werror=format-security --sysroot=/home/vinh/Yocto/poky/build-vinh/tmp/work/cortexa8hf-neon-poky-linux-gnueabi/acl/2.3.1-r0/recipe-sysroot -c  -O2 -pipe -g -feliminate-unused-debug-types -fmacro-prefix-map=/home/vinh/Yocto/poky/build-vinh/tmp/work/cortexa8hf-neon-poky-linux-gnueabi/acl/2.3.1-r0=/usr/src/debug/acl/2.3.1-r0                      -fdebug-prefix-map=/home/vinh/Yocto/poky/build-vinh/tmp/work/cortexa8hf-neon-poky-linux-gnueabi/acl/2.3.1-r0=/usr/src/debug/acl/2.3.1-r0                      -fdebug-prefix-map=/home/vinh/Yocto/poky/build-vinh/tmp/work/cortexa8hf-neon-poky-linux-gnueabi/acl/2.3.1-r0/recipe-sysroot=                      -fdebug-prefix-map=/home/vinh/Yocto/poky/build-vinh/tmp/work/cortexa8hf-neon-poky-linux-gnueabi/acl/2.3.1-r0/recipe-sysroot-native=  -fvisibility=hidden  -DNDEBUG conftest.c >&5
configure:16217: $? = 0
configure:16217: result: yes
configure:16232: checking for getxattr in -lattr
configure:16255: arm-poky-linux-gnueabi-gcc  -mfpu=neon -mfloat-abi=hard -mcpu=cortex-a8 -fstack-protector-strong  -O2 -D_FORTIFY_SOURCE=2 -Wformat -Wformat-security -Werror=format-security --sysroot=/home/vinh/Yocto/poky/build-vinh/tmp/work/cortexa8hf-neon-poky-linux-gnueabi/acl/2.3.1-r0/recipe-sysroot -o conftest  -O2 -pipe -g -feliminate-unused-debug-types -fmacro-prefix-map=/home/vinh/Yocto/poky/build-vinh/tmp/work/cortexa8hf-neon-poky-linux-gnueabi/acl/2.3.1-r0=/usr/src/debug/acl/2.3.1-r0                      -fdebug-prefix-map=/home/vinh/Yocto/poky/build-vinh/tmp/work/cortexa8hf-neon-poky-linux-gnueabi/acl/2.3.1-r0=/usr/src/debug/acl/2.3.1-r0                      -fdebug-prefix-map=/home/vinh/Yocto/poky/build-vinh/tmp/work/cortexa8hf-neon-poky-linux-gnueabi/acl/2.3.1-r0/recipe-sysroot=                      -fdebug-prefix-map=/home/vinh/Yocto/poky/build-vinh/tmp/work/cortexa8hf-neon-poky-linux-gnueabi/acl/2.3.1-r0/recipe-sysroot-native=  -fvisibility=hidden  -DNDEBUG -Wl,-O1 -Wl,--hash-style=gnu -Wl,--as-needed -fmacro-prefix-map=/home/vinh/Yocto/poky/build-vinh/tmp/work/cortexa8hf-neon-poky-linux-gnueabi/acl/2.3.1-r0=/usr/src/debug/acl/2.3.1-r0                      -fdebug-prefix-map=/home/vinh/Yocto/poky/build-vinh/tmp/work/cortexa8hf-neon-poky-linux-gnueabi/acl/2.3.1-r0=/usr/src/debug/acl/2.3.1-r0                      -fdebug-prefix-map=/home/vinh/Yocto/poky/build-vinh/tmp/work/cortexa8hf-neon-poky-linux-gnueabi/acl/2.3.1-r0/recipe-sysroot=                      -fdebug-prefix-map=/home/vinh/Yocto/poky/build-vinh/tmp/work/cortexa8hf-neon-poky-linux-gnueabi/acl/2.3.1-r0/recipe-sysroot-native=  -Wl,-z,relro,-z,now conftest.c -lattr   >&5
configure:16255: $? = 0
configure:16265: result: yes
configure:16418: creating ./config.status

## ---------------------- ##
## Running config.status. ##
## ---------------------- ##

This file was extended by acl config.status 2.3.1, which was
generated by GNU Autoconf 2.71.  Invocation command line was

  CONFIG_FILES    = 
  CONFIG_HEADERS  = 
  CONFIG_LINKS    = 
  CONFIG_COMMANDS = 
  $ ./config.status 

on vinh-Inspiron-15-3520

config.status:1148: creating libacl.pc
config.status:1148: creating Makefile
config.status:1148: creating po/Makefile.in
config.status:1148: creating include/config.h
config.status:1362: executing depfiles commands
config.status:1362: executing libtool commands
config.status:1362: executing po-directories commands
config.status:1362: executing include/acl commands
config.status:1362: executing include/sys commands

## ---------------- ##
## Cache variables. ##
## ---------------- ##

ac_cv___va_copy=yes
ac_cv_af_unix_large_dgram=yes
ac_cv_alignof_char=1
ac_cv_alignof_dbind_pointer=4
ac_cv_alignof_dbind_struct=1
ac_cv_alignof_dbus_bool_t=4
ac_cv_alignof_dbus_int16_t=2
ac_cv_alignof_dbus_int32_t=4
ac_cv_alignof_dbus_int64_t=8
ac_cv_alignof_double=8
ac_cv_alignof_guint32=4
ac_cv_alignof_guint64=8
ac_cv_alignof_unsigned_long=4
ac_cv_buggy_getaddrinfo=no
ac_cv_build=x86_64-pc-linux-gnu
ac_cv_c_bigendian=no
ac_cv_c_compiler_gnu=yes
ac_cv_c_endian=little
ac_cv_c_littleendian=yes
ac_cv_c_long_double=yes
ac_cv_check_sjlj=ssjlj
ac_cv_conv_longlong_to_float=yes
ac_cv_dirent_have_space_d_name=yes
ac_cv_env_CC_set=set
ac_cv_env_CC_value='arm-poky-linux-gnueabi-gcc  -mfpu=neon -mfloat-abi=hard -mcpu=cortex-a8 -fstack-protector-strong  -O2 -D_FORTIFY_SOURCE=2 -Wformat -Wformat-security -Werror=format-security --sysroot=/home/vinh/Yocto/poky/build-vinh/tmp/work/cortexa8hf-neon-poky-linux-gnueabi/acl/2.3.1-r0/recipe-sysroot'
ac_cv_env_CFLAGS_set=set
ac_cv_env_CFLAGS_value=' -O2 -pipe -g -feliminate-unused-debug-types -fmacro-prefix-map=/home/vinh/Yocto/poky/build-vinh/tmp/work/cortexa8hf-neon-poky-linux-gnueabi/acl/2.3.1-r0=/usr/src/debug/acl/2.3.1-r0                      -fdebug-prefix-map=/home/vinh/Yocto/poky/build-vinh/tmp/work/cortexa8hf-neon-poky-linux-gnueabi/acl/2.3.1-r0=/usr/src/debug/acl/2.3.1-r0                      -fdebug-prefix-map=/home/vinh/Yocto/poky/build-vinh/tmp/work/cortexa8hf-neon-poky-linux-gnueabi/acl/2.3.1-r0/recipe-sysroot=                      -fdebug-prefix-map=/home/vinh/Yocto/poky/build-vinh/tmp/work/cortexa8hf-neon-poky-linux-gnueabi/acl/2.3.1-r0/recipe-sysroot-native= '
ac_cv_env_CPPFLAGS_set=set
ac_cv_env_CPPFLAGS_value=
ac_cv_env_CPP_set=set
ac_cv_env_CPP_value='arm-poky-linux-gnueabi-gcc -E --sysroot=/home/vinh/Yocto/poky/build-vinh/tmp/work/cortexa8hf-neon-poky-linux-gnueabi/acl/2.3.1-r0/recipe-sysroot  -mfpu=neon -mfloat-abi=hard -mcpu=cortex-a8 -fstack-protector-strong  -O2 -D_FORTIFY_SOURCE=2 -Wformat -Wformat-security -Werror=format-security'
ac_cv_env_LDFLAGS_set=set
ac_cv_env_LDFLAGS_value='-Wl,-O1 -Wl,--hash-style=gnu -Wl,--as-needed -fmacro-prefix-map=/home/vinh/Yocto/poky/build-vinh/tmp/work/cortexa8hf-neon-poky-linux-gnueabi/acl/2.3.1-r0=/usr/src/debug/acl/2.3.1-r0                      -fdebug-prefix-map=/home/vinh/Yocto/poky/build-vinh/tmp/work/cortexa8hf-neon-poky-linux-gnueabi/acl/2.3.1-r0=/usr/src/debug/acl/2.3.1-r0                      -fdebug-prefix-map=/home/vinh/Yocto/poky/build-vinh/tmp/work/cortexa8hf-neon-poky-linux-gnueabi/acl/2.3.1-r0/recipe-sysroot=                      -fdebug-prefix-map=/home/vinh/Yocto/poky/build-vinh/tmp/work/cortexa8hf-neon-poky-linux-gnueabi/acl/2.3.1-r0/recipe-sysroot-native=  -Wl,-z,relro,-z,now'
ac_cv_env_LIBS_set=
ac_cv_env_LIBS_value=
ac_cv_env_LT_SYS_LIBRARY_PATH_set=
ac_cv_env_LT_SYS_LIBRARY_PATH_value=
ac_cv_env_build_alias_set=set
ac_cv_env_build_alias_value=x86_64-linux
ac_cv_env_host_alias_set=set
ac_cv_env_host_alias_value=arm-poky-linux-gnueabi
ac_cv_env_target_alias_set=set
ac_cv_env_target_alias_value=arm-poky-linux-gnueabi
ac_cv_epoll_works=yes
ac_cv_file___dev_ptc_=yes
ac_cv_file__dev_random=yes
ac_cv_file__dev_zero=yes
ac_cv_func___va_copy=yes
ac_cv_func_calloc_0_nonnull=yes
ac_cv_func_chown_works=yes
ac_cv_func_fnmatch_works=yes
ac_cv_func_getaddrinfo=yes
ac_cv_func_getgrgid_r=yes
ac_cv_func_getgroups_works=yes
ac_cv_func_getpagesize=yes
ac_cv_func_getpgrp_void=yes
ac_cv_func_getpwuid_r=yes
ac_cv_func_lstat_dereferences_slashed_symlink=yes
ac_cv_func_lstat_empty_string_bug=no
ac_cv_func_malloc_0_nonnull=yes
ac_cv_func_malloc_works=yes
ac_cv_func_memcmp_working=yes
ac_cv_func_memcpy=yes
ac_cv_func_mmap_fixed_mapped=yes
ac_cv_func_posix_getgrgid_r=yes
ac_cv_func_posix_getpwnam_r=yes
ac_cv_func_posix_getpwuid_r=yes
ac_cv_func_printf_unix98=yes
ac_cv_func_pthread_attr_getstack=yes
ac_cv_func_pthread_key_delete=yes
ac_cv_func_realloc_0_nonnull=yes
ac_cv_func_realloc_works=yes
ac_cv_func_setgrent_void=yes
ac_cv_func_setpgrp_void=yes
ac_cv_func_setresuid=yes
ac_cv_func_setvbuf_reversed=no
ac_cv_func_snprintf_c99=yes
ac_cv_func_stat_empty_string_bug=no
ac_cv_func_stat_ignores_trailing_slash=no
ac_cv_func_strerror=yes
ac_cv_func_strtod=yes
ac_cv_func_utime_null=yes
ac_cv_func_va_copy=yes
ac_cv_func_vsnprintf_c99=yes
ac_cv_gnet_have_abstract_sockets=no
ac_cv_have_abstract_sockets=yes
ac_cv_have_accrights_in_msghdr=no
ac_cv_have_broken_snprintf=no
ac_cv_have_control_in_msghdr=yes
ac_cv_have_decl_sys_siglist=no
ac_cv_have_long_long_format=yes
ac_cv_have_openpty_ctty_bug=yes
ac_cv_have_space_d_name_in_struct_dirent=yes
ac_cv_header_attr_error_context_h=yes
ac_cv_header_dlfcn_h=yes
ac_cv_header_inttypes_h=yes
ac_cv_header_minix_config_h=no
ac_cv_header_stdint_h=yes
ac_cv_header_stdio_h=yes
ac_cv_header_stdlib_h=yes
ac_cv_header_string_h=yes
ac_cv_header_strings_h=yes
ac_cv_header_sys_stat_h=yes
ac_cv_header_sys_types_h=yes
ac_cv_header_unistd_h=yes
ac_cv_header_wchar_h=yes
ac_cv_host=arm-poky-linux-gnueabi
ac_cv_ispeed_offset=13
ac_cv_lib_attr_getxattr=yes
ac_cv_lib_png_png_create_info_struct=yes
ac_cv_libiconv_utf8=yes
ac_cv_libnet_endianess=lil
ac_cv_linux_vers=2
ac_cv_member_struct_sockaddr_sa_len=no
ac_cv_need_trio=no
ac_cv_o_nonblock_inherited=no
ac_cv_objext=o
ac_cv_path_EGREP='/home/vinh/Yocto/poky/build-vinh/tmp/hosttools/grep -E'
ac_cv_path_FGREP='/home/vinh/Yocto/poky/build-vinh/tmp/hosttools/grep -F'
ac_cv_path_GMSGFMT=/home/vinh/Yocto/poky/build-vinh/tmp/work/cortexa8hf-neon-poky-linux-gnueabi/acl/2.3.1-r0/recipe-sysroot-native/usr/bin/msgfmt
ac_cv_path_GREP=/home/vinh/Yocto/poky/build-vinh/tmp/hosttools/grep
ac_cv_path_MSGFMT=/home/vinh/Yocto/poky/build-vinh/tmp/work/cortexa8hf-neon-poky-linux-gnueabi/acl/2.3.1-r0/recipe-sysroot-native/usr/bin/msgfmt
ac_cv_path_MSGMERGE=/home/vinh/Yocto/poky/build-vinh/tmp/work/cortexa8hf-neon-poky-linux-gnueabi/acl/2.3.1-r0/recipe-sysroot-native/usr/bin/msgmerge
ac_cv_path_SED=sed
ac_cv_path_XGETTEXT=/home/vinh/Yocto/poky/build-vinh/tmp/work/cortexa8hf-neon-poky-linux-gnueabi/acl/2.3.1-r0/recipe-sysroot-native/usr/bin/xgettext
ac_cv_path_install='/home/vinh/Yocto/poky/build-vinh/tmp/hosttools/install -c'
ac_cv_path_lt_DD=/home/vinh/Yocto/poky/build-vinh/tmp/hosttools/dd
ac_cv_path_mkdir=/home/vinh/Yocto/poky/build-vinh/tmp/hosttools/mkdir
ac_cv_pread=no
ac_cv_prog_AR=arm-poky-linux-gnueabi-gcc-ar
ac_cv_prog_AWK=gawk
ac_cv_prog_CC='arm-poky-linux-gnueabi-gcc  -mfpu=neon -mfloat-abi=hard -mcpu=cortex-a8 -fstack-protector-strong  -O2 -D_FORTIFY_SOURCE=2 -Wformat -Wformat-security -Werror=format-security --sysroot=/home/vinh/Yocto/poky/build-vinh/tmp/work/cortexa8hf-neon-poky-linux-gnueabi/acl/2.3.1-r0/recipe-sysroot'
ac_cv_prog_CPP='arm-poky-linux-gnueabi-gcc -E --sysroot=/home/vinh/Yocto/poky/build-vinh/tmp/work/cortexa8hf-neon-poky-linux-gnueabi/acl/2.3.1-r0/recipe-sysroot  -mfpu=neon -mfloat-abi=hard -mcpu=cortex-a8 -fstack-protector-strong  -O2 -D_FORTIFY_SOURCE=2 -Wformat -Wformat-security -Werror=format-security'
ac_cv_prog_OBJDUMP=arm-poky-linux-gnueabi-objdump
ac_cv_prog_RANLIB=arm-poky-linux-gnueabi-gcc-ranlib
ac_cv_prog_STRIP=arm-poky-linux-gnueabi-strip
ac_cv_prog_ac_ct_FILECMD=file
ac_cv_prog_cc_c11=
ac_cv_prog_cc_g=yes
ac_cv_prog_cc_stdc=
ac_cv_prog_make_make_set=yes
ac_cv_pwrite=no
ac_cv_regexec_segfault_emptystr=no
ac_cv_safe_to_define___extensions__=yes
ac_cv_should_define__xopen_source=no
ac_cv_sizeof___int64=0
ac_cv_sizeof_char=1
ac_cv_sizeof_char_p=4
ac_cv_sizeof_double=8
ac_cv_sizeof_float=4
ac_cv_sizeof_int=4
ac_cv_sizeof_int_p=4
ac_cv_sizeof_long=4
ac_cv_sizeof_long_double=8
ac_cv_sizeof_long_int=4
ac_cv_sizeof_long_long=8
ac_cv_sizeof_long_p=4
ac_cv_sizeof_pid_t=4
ac_cv_sizeof_ptrdiff_t=4
ac_cv_sizeof_short=2
ac_cv_sizeof_short_int=2
ac_cv_sizeof_signed_char=1
ac_cv_sizeof_size_t=4
ac_cv_sizeof_ssize_t=4
ac_cv_sizeof_unsigned=4
ac_cv_sizeof_unsigned_char=1
ac_cv_sizeof_unsigned_int=4
ac_cv_sizeof_unsigned_long=4
ac_cv_sizeof_unsigned_long_long=8
ac_cv_sizeof_unsigned_short=2
ac_cv_sizeof_void_p=4
ac_cv_sizeof_wchar_t=4
ac_cv_strerror_r_SUSv3=no
ac_cv_sys_file_offset_bits=64
ac_cv_sys_largefile_CC=no
ac_cv_sys_restartable_syscalls=yes
ac_cv_time_r_type=POSIX
ac_cv_type_uid_t='{ac_cv_type_uid_t=yes}'
ac_cv_uchar=no
ac_cv_uint=yes
ac_cv_ulong=yes
ac_cv_ushort=yes
ac_cv_va_copy=yes
ac_cv_va_val_copy=yes
acl_cv_hardcode_direct=no
acl_cv_hardcode_libdir_flag_spec='${wl}-rpath ${wl}$libdir'
acl_cv_hardcode_libdir_separator=
acl_cv_hardcode_minus_L=no
acl_cv_libdirstems=lib,lib32,lib
acl_cv_libext=a
acl_cv_libname_spec='lib$name'
acl_cv_library_names_spec='$libname$shrext'
acl_cv_prog_gnu_ld=yes
acl_cv_rpath=done
acl_cv_shlibext=so
acl_cv_wl=-Wl,
am_cv_CC_dependencies_compiler_type=none
am_cv_ar_interface=ar
am_cv_func_iconv_works=yes
am_cv_func_working_getline=yes
am_cv_make_support_nested_variables=yes
am_cv_prog_cc_c_o=yes
am_cv_scanf_lld=yes
apr_cv_process_shared_works=no
apr_cv_tcp_nodelay_with_cork=yes
as_cv_unaligned_access=no
bash_cv_dup2_broken=no
bash_cv_func_sigsetjmp=missing
bash_cv_func_strcoll_broken=no
bash_cv_getcwd_calls_popen=no
bash_cv_getcwd_malloc=yes
bash_cv_getenv_redef=yes
bash_cv_have_mbstate_t=yes
bash_cv_job_control_missing=present
bash_cv_must_reinstall_sighandlers=no
bash_cv_opendir_not_robust=no
bash_cv_pgrp_pipe=no
bash_cv_printf_a_format=yes
bash_cv_sys_named_pipes=present
bash_cv_sys_siglist=no
bash_cv_type_rlimit=rlim_t
bash_cv_ulimit_maxfds=yes
bash_cv_under_sys_siglist=no
bash_cv_unusable_rtsigs=no
compat_cv_func_basename_works=no
compat_cv_func_dirname_works=no
compat_cv_func_snprintf_works=yes
cvs_cv_func_printf_ptr=yes
db_cv_align_t='unsigned long long'
db_cv_alignp_t='unsigned long'
db_cv_fcntl_f_setfd=yes
db_cv_path_ar=/usr/bin/ar
db_cv_path_chmod=/bin/chmod
db_cv_path_cp=/bin/cp
db_cv_path_ln=/bin/ln
db_cv_path_mkdir=/bin/mkdir
db_cv_path_ranlib=/usr/bin/ranlib
db_cv_path_rm=/bin/rm
db_cv_path_sh=/bin/sh
db_cv_path_strip=/usr/bin/strip
db_cv_spinlocks=no
db_cv_sprintf_count=yes
ettercap_cv_type_socklen_t=yes
fu_cv_sys_stat_statfs2_bsize=yes
gl_cv_elf=yes
gl_cv_func_btowc_eof=yes
gl_cv_func_fstatat_zero_flag=yes
gl_cv_func_getcwd_abort_bug=no
gl_cv_func_getcwd_null=yes
gl_cv_func_getcwd_path_max=yes
gl_cv_func_link_follows_symlink=no
gl_cv_func_mbrtowc_incomplete_state=yes
gl_cv_func_mbrtowc_nul_retval=yes
gl_cv_func_mbrtowc_null_arg=yes
gl_cv_func_mbrtowc_retval=yes
gl_cv_func_mbrtowc_sanitycheck=yes
gl_cv_func_nanosleep='no (mishandles large arguments)'
gl_cv_func_sleep_works=yes
gl_cv_func_unlink_busy_text=yes
gl_cv_func_wcrtomb_retval=yes
gl_cv_func_wctob_works=yes
gl_cv_func_working_mkstemp=yes
gl_cv_func_working_mktime=yes
gl_cv_func_working_utimes=yes
gl_cv_have_proc_uptime=yes
gl_cv_header_working_fcntl_h=yes
gl_cv_host_cpu_c_abi_32bit=yes
gl_cv_pipes_are_fifos='yes (1)'
glib_cv___va_copy=yes
glib_cv_compliant_posix_memalign=1
glib_cv_has__inline=yes
glib_cv_has__inline__=yes
glib_cv_hasinline=yes
glib_cv_have_qsort_r=yes
glib_cv_long_long_format=ll
glib_cv_rtldglobal_broken=no
glib_cv_sane_realloc=yes
glib_cv_sizeof_gmutex=24
glib_cv_sizeof_intmax_t=8
glib_cv_sizeof_ptrdiff_t=4
glib_cv_sizeof_size_t=4
glib_cv_sizeof_system_thread=4
glib_cv_stack_grows=no
glib_cv_strlcpy=no
glib_cv_sys_pthread_cond_timedwait_posix=yes
glib_cv_sys_pthread_getspecific_posix=yes
glib_cv_sys_pthread_mutex_trylock_posix=yes
glib_cv_sys_use_pid_niceness_surrogate=yes
glib_cv_uscore=no
glib_cv_use_pid_surrogate=yes
glib_cv_va_copy=yes
glib_cv_va_val_copy=yes
gt_cv_func_CFLocaleCopyCurrent=no
gt_cv_func_CFPreferencesCopyAppValue=no
gt_cv_func_gnugettext1_libc=yes
gt_cv_locale_fr=fr_FR
hw_cv_func_snprintf_c99=yes
hw_cv_func_vsnprintf_c99=yes
jm_cv_func_working_readdir=yes
lf_cv_sane_realloc=yes
lftp_cv_va_val_copy=yes
libc_cv_visibility_attribute=yes
lt_cv_ar_at_file=@
lt_cv_archive_cmds_need_lc=no
lt_cv_deplibs_check_method=pass_all
lt_cv_file_magic_cmd='$MAGIC_CMD'
lt_cv_file_magic_test_file=
lt_cv_ld_reload_flag=-r
lt_cv_nm_interface='BSD nm'
lt_cv_objdir=.libs
lt_cv_path_LD='arm-poky-linux-gnueabi-ld --sysroot=/home/vinh/Yocto/poky/build-vinh/tmp/work/cortexa8hf-neon-poky-linux-gnueabi/acl/2.3.1-r0/recipe-sysroot '
lt_cv_path_NM=arm-poky-linux-gnueabi-gcc-nm
lt_cv_path_mainfest_tool=no
lt_cv_prog_compiler_c_o=yes
lt_cv_prog_compiler_pic='-fPIC -DPIC'
lt_cv_prog_compiler_pic_works=yes
lt_cv_prog_compiler_rtti_exceptions=no
lt_cv_prog_compiler_static_works=yes
lt_cv_prog_gnu_ld=yes
lt_cv_sharedlib_from_linklib_cmd='printf %s\n'
lt_cv_shlibpath_overrides_runpath=no
lt_cv_sys_global_symbol_pipe='sed -n -e '\''s/^.*[	 ]\([ABCDGIRSTW][ABCDGIRSTW]*\)[	 ][	 ]*\([_A-Za-z][_A-Za-z0-9]*\)$/\1 \2 \2/p'\'' | sed '\''/ __gnu_lto/d'\'''
lt_cv_sys_global_symbol_to_c_name_address='sed -n -e '\''s/^: \(.*\) .*$/  {"\1", (void *) 0},/p'\'' -e '\''s/^[ABCDGIRSTW][ABCDGIRSTW]* .* \(.*\)$/  {"\1", (void *) \&\1},/p'\'''
lt_cv_sys_global_symbol_to_c_name_address_lib_prefix='sed -n -e '\''s/^: \(.*\) .*$/  {"\1", (void *) 0},/p'\'' -e '\''s/^[ABCDGIRSTW][ABCDGIRSTW]* .* \(lib.*\)$/  {"\1", (void *) \&\1},/p'\'' -e '\''s/^[ABCDGIRSTW][ABCDGIRSTW]* .* \(.*\)$/  {"lib\1", (void *) \&\1},/p'\'''
lt_cv_sys_global_symbol_to_cdecl='sed -n -e '\''s/^T .* \(.*\)$/extern int \1();/p'\'' -e '\''s/^[ABCDGIRSTW][ABCDGIRSTW]* .* \(.*\)$/extern char \1;/p'\'''
lt_cv_sys_global_symbol_to_import=
lt_cv_sys_lib_dlsearch_path_spec='/usr/lib /lib'
lt_cv_sys_max_cmd_len=1572864
lt_cv_to_host_file_cmd=func_convert_file_noop
lt_cv_to_tool_file_cmd=func_convert_file_noop
lt_cv_truncate_bin='/home/vinh/Yocto/poky/build-vinh/tmp/hosttools/dd bs=4096 count=1'
mr_cv_target_elf=yes
mysql_cv_func_atomic_add=no
mysql_cv_func_atomic_sub=no
nano_cv_func_regexec_segv_emptystr=no
php_cv_lib_cookie_io_functions_use_off64_t=yes
rsync_cv_HAVE_BROKEN_LARGEFILE=no
rsync_cv_HAVE_BROKEN_READDIR=no
rsync_cv_HAVE_C99_VSNPRINTF=yes
rsync_cv_HAVE_GETTIMEOFDAY_TZ=yes
rsync_cv_HAVE_LONGLONG=yes
rsync_cv_HAVE_OFF64_T=no
rsync_cv_HAVE_SECURE_MKSTEMP=yes
rsync_cv_HAVE_SHORT_INO_T=no
rsync_cv_HAVE_SOCKETPAIR=yes
rsync_cv_HAVE_UNSIGNED_CHAR=no
rsync_cv_REPLACE_INET_ATON=no
rsync_cv_REPLACE_INET_NTOA=no
samba_cv_BROKEN_NISPLUS_INCLUDE_FILES=yes
samba_cv_BROKEN_REDHAT_7_SYSTEM_HEADERS=no
samba_cv_HAVE_BROKEN_FCNTL64_LOCKS=no
samba_cv_HAVE_BROKEN_GETGROUPS=no
samba_cv_HAVE_BROKEN_LINUX_SENDFILE=yes
samba_cv_HAVE_BROKEN_READDIR=yes
samba_cv_HAVE_BROKEN_READDIR_NAME=no
samba_cv_HAVE_C99_VSNPRINTF=yes
samba_cv_HAVE_DEV64_T=no
samba_cv_HAVE_DEVICE_MAJOR_FN=yes
samba_cv_HAVE_DEVICE_MINOR_FN=yes
samba_cv_HAVE_DQB_FSOFTLIMIT=no
samba_cv_HAVE_EXPLICIT_LARGEFILE_SUPPORT=yes
samba_cv_HAVE_FAM_H=no
samba_cv_HAVE_FCNTL_LOCK=yes
samba_cv_HAVE_FTRUNCATE_EXTEND=yes
samba_cv_HAVE_FUNCTION_MACRO=yes
samba_cv_HAVE_GETTIMEOFDAY_TZ=yes
samba_cv_HAVE_IFACE_AIX=no
samba_cv_HAVE_IFACE_IFCONF=yes
samba_cv_HAVE_IFACE_IFREQ=yes
samba_cv_HAVE_INO64_T=no
samba_cv_HAVE_INT16_FROM_RPC_RPC_H=no
samba_cv_HAVE_INT32_FROM_RPC_RPC_H=no
samba_cv_HAVE_IRIX_SPECIFIC_CAPABILITIES=no
samba_cv_HAVE_KERNEL_CHANGE_NOTIFY=yes
samba_cv_HAVE_KERNEL_OPLOCKS_LINUX=yes
samba_cv_HAVE_KERNEL_SHARE_MODES=yes
samba_cv_HAVE_MAKEDEV=yes
samba_cv_HAVE_MMAP=yes
samba_cv_HAVE_NATIVE_ICONV=yes
samba_cv_HAVE_OFF64_T=no
samba_cv_HAVE_ROOT=yes
samba_cv_HAVE_RPC_AUTH_ERROR_CONFLICT=no
samba_cv_HAVE_SECURE_MKSTEMP=yes
samba_cv_HAVE_SENDFILE64=yes
samba_cv_HAVE_SENDFILE=yes
samba_cv_HAVE_SOCK_SIN_LEN=no
samba_cv_HAVE_STAT_ST_BLKSIZE=yes
samba_cv_HAVE_STAT_ST_BLOCKS=yes
samba_cv_HAVE_STRUCT_DIR64=no
samba_cv_HAVE_STRUCT_DIRENT64=yes
samba_cv_HAVE_STRUCT_FLOCK64=yes
samba_cv_HAVE_TRUNCATED_SALT=no
samba_cv_HAVE_UINT16_FROM_RPC_RPC_H=no
samba_cv_HAVE_UINT32_FROM_RPC_RPC_H=no
samba_cv_HAVE_UNSIGNED_CHAR=yes
samba_cv_HAVE_UTIMBUF=yes
samba_cv_HAVE_UT_UT_ADDR=yes
samba_cv_HAVE_UT_UT_EXIT=yes
samba_cv_HAVE_UT_UT_HOST=yes
samba_cv_HAVE_UT_UT_ID=yes
samba_cv_HAVE_UT_UT_NAME=yes
samba_cv_HAVE_UT_UT_PID=yes
samba_cv_HAVE_UT_UT_TIME=yes
samba_cv_HAVE_UT_UT_TV=yes
samba_cv_HAVE_UT_UT_TYPE=yes
samba_cv_HAVE_UT_UT_USER=yes
samba_cv_HAVE_UX_UT_SYSLEN=no
samba_cv_HAVE_VA_COPY=yes
samba_cv_HAVE_WORKING_AF_LOCAL=yes
samba_cv_HAVE_Werror=yes
samba_cv_LINUX_LFS_SUPPORT=yes
samba_cv_PUTUTLINE_RETURNS_UTMP=yes
samba_cv_QUOTA_WORKS=yes
samba_cv_REALPATH_TAKES_NULL=yes
samba_cv_REPLACE_GETPASS=yes
samba_cv_REPLACE_INET_NTOA=no
samba_cv_REPLACE_READDIR=no
samba_cv_RUN_QUOTA_TESTS=yes
samba_cv_SEEKDIR_RETURNS_VOID=yes
samba_cv_SIZEOF_DEV_T=yes
samba_cv_SIZEOF_INO_T=yes
samba_cv_SIZEOF_OFF_T=yes
samba_cv_SYSCONF_SC_NGROUPS_MAX=yes
samba_cv_SYSCONF_SC_NPROCESSORS_ONLN=yes
samba_cv_SYSCONF_SC_NPROC_ONLN=no
samba_cv_SYSCONF_SC_PAGESIZE=yes
samba_cv_SYSQUOTA_FOUND=yes
samba_cv_SYSQUOTA_WORKS=yes
samba_cv_SYSQUOTA_WORKS_XFS=yes
samba_cv_TRY_QUOTAS=no
samba_cv_TRY_SYS_QUOTAS=yes
samba_cv_USE_SETEUID=yes
samba_cv_USE_SETRESUID=yes
samba_cv_USE_SETREUID=yes
samba_cv_USE_SETUIDX=yes
samba_cv_WE_USE_SYS_QUOTAS=yes
samba_cv_WITH_AFS=no
samba_cv_WITH_FAKE_KASERVER=no
samba_cv_WITH_QUOTAS=auto
samba_cv_WITH_SYS_QUOTAS=auto
samba_cv_WITH_VFS_AFSACL=no
samba_cv_compiler_supports_ll=yes
samba_cv_found_xfs_header=yes
samba_cv_have_longlong=yes
samba_cv_have_setresgid=yes
samba_cv_have_setresuid=yes
samba_cv_immediate_structures=yes
samba_cv_optimize_out_funcation_calls=yes
samba_cv_sig_atomic_t=yes
samba_cv_socklen_t=yes
samba_cv_struct_timespec=yes
samba_cv_sysquotas_file=lib/sysquotas_linux.c
samba_cv_unixsocket=yes
samba_cv_volatile=yes
sc_cv_termios_ispeed=yes
screen_cv_sys_bcopy_overlap=no
screen_cv_sys_fifo_broken_impl=yes
screen_cv_sys_fifo_usable=yes
screen_cv_sys_memcpy_overlap=no
screen_cv_sys_memmove_overlap=no
screen_cv_sys_select_broken_retval=no
screen_cv_sys_sockets_nofs=no
screen_cv_sys_sockets_usable=yes
screen_cv_sys_terminfo_used=yes
shadow_cv_logdir=/var/log
shadow_cv_maildir=/var/spool/mail
shadow_cv_mailfile=Mailbox
shadow_cv_passwd_dir=/usr/bin
shadow_cv_utmpdir=/var/run
slrn_cv_va_val_copy=yes
sudo_cv_func_unsetenv_void=no
tcl_cv_api_serial=termios
utils_cv_sys_open_max=1019
xorg_cv_malloc0_returns_null=yes

## ----------------- ##
## Output variables. ##
## ----------------- ##

ACLOCAL='${SHELL} '\''/home/vinh/Yocto/poky/build-vinh/tmp/work/cortexa8hf-neon-poky-linux-gnueabi/acl/2.3.1-r0/acl-2.3.1/build-aux/missing'\'' aclocal-1.16'
AMDEPBACKSLASH=''
AMDEP_FALSE=''
AMDEP_TRUE='#'
AMTAR='$${TAR-tar}'
AM_BACKSLASH='\'
AM_DEFAULT_V='$(AM_DEFAULT_VERBOSITY)'
AM_DEFAULT_VERBOSITY='1'
AM_V='$(V)'
AR='arm-poky-linux-gnueabi-gcc-ar'
AUTOCONF='${SHELL} '\''/home/vinh/Yocto/poky/build-vinh/tmp/work/cortexa8hf-neon-poky-linux-gnueabi/acl/2.3.1-r0/acl-2.3.1/build-aux/missing'\'' autoconf'
AUTOHEADER='${SHELL} '\''/home/vinh/Yocto/poky/build-vinh/tmp/work/cortexa8hf-neon-poky-linux-gnueabi/acl/2.3.1-r0/acl-2.3.1/build-aux/missing'\'' autoheader'
AUTOMAKE='${SHELL} '\''/home/vinh/Yocto/poky/build-vinh/tmp/work/cortexa8hf-neon-poky-linux-gnueabi/acl/2.3.1-r0/acl-2.3.1/build-aux/missing'\'' automake-1.16'
AWK='gawk'
CC='arm-poky-linux-gnueabi-gcc  -mfpu=neon -mfloat-abi=hard -mcpu=cortex-a8 -fstack-protector-strong  -O2 -D_FORTIFY_SOURCE=2 -Wformat -Wformat-security -Werror=format-security --sysroot=/home/vinh/Yocto/poky/build-vinh/tmp/work/cortexa8hf-neon-poky-linux-gnueabi/acl/2.3.1-r0/recipe-sysroot'
CCDEPMODE='depmode=none'
CFLAGS=' -O2 -pipe -g -feliminate-unused-debug-types -fmacro-prefix-map=/home/vinh/Yocto/poky/build-vinh/tmp/work/cortexa8hf-neon-poky-linux-gnueabi/acl/2.3.1-r0=/usr/src/debug/acl/2.3.1-r0                      -fdebug-prefix-map=/home/vinh/Yocto/poky/build-vinh/tmp/work/cortexa8hf-neon-poky-linux-gnueabi/acl/2.3.1-r0=/usr/src/debug/acl/2.3.1-r0                      -fdebug-prefix-map=/home/vinh/Yocto/poky/build-vinh/tmp/work/cortexa8hf-neon-poky-linux-gnueabi/acl/2.3.1-r0/recipe-sysroot=                      -fdebug-prefix-map=/home/vinh/Yocto/poky/build-vinh/tmp/work/cortexa8hf-neon-poky-linux-gnueabi/acl/2.3.1-r0/recipe-sysroot-native=  -fvisibility=hidden'
CPP='arm-poky-linux-gnueabi-gcc -E --sysroot=/home/vinh/Yocto/poky/build-vinh/tmp/work/cortexa8hf-neon-poky-linux-gnueabi/acl/2.3.1-r0/recipe-sysroot  -mfpu=neon -mfloat-abi=hard -mcpu=cortex-a8 -fstack-protector-strong  -O2 -D_FORTIFY_SOURCE=2 -Wformat -Wformat-security -Werror=format-security'
CPPFLAGS=' -DNDEBUG'
CSCOPE='cscope'
CTAGS='ctags'
CYGPATH_W='echo'
DEFS='-DHAVE_CONFIG_H'
DEPDIR='.deps'
DLLTOOL='false'
DSYMUTIL=''
DUMPBIN=''
ECHO_C=''
ECHO_N='-n'
ECHO_T=''
EGREP='/home/vinh/Yocto/poky/build-vinh/tmp/hosttools/grep -E'
ETAGS='etags'
EXEEXT=''
FGREP='/home/vinh/Yocto/poky/build-vinh/tmp/hosttools/grep -F'
FILECMD='file'
GETTEXT_MACRO_VERSION='0.20'
GMSGFMT='/home/vinh/Yocto/poky/build-vinh/tmp/work/cortexa8hf-neon-poky-linux-gnueabi/acl/2.3.1-r0/recipe-sysroot-native/usr/bin/msgfmt'
GMSGFMT_015='/home/vinh/Yocto/poky/build-vinh/tmp/work/cortexa8hf-neon-poky-linux-gnueabi/acl/2.3.1-r0/recipe-sysroot-native/usr/bin/msgfmt'
GREP='/home/vinh/Yocto/poky/build-vinh/tmp/hosttools/grep'
INSTALL_DATA='${INSTALL} -m 644'
INSTALL_PROGRAM='${INSTALL}'
INSTALL_SCRIPT='${INSTALL}'
INSTALL_STRIP_PROGRAM='$(install_sh) -c -s'
INTLLIBS=''
INTL_MACOSX_LIBS=''
LD='arm-poky-linux-gnueabi-ld --sysroot=/home/vinh/Yocto/poky/build-vinh/tmp/work/cortexa8hf-neon-poky-linux-gnueabi/acl/2.3.1-r0/recipe-sysroot '
LDFLAGS='-Wl,-O1 -Wl,--hash-style=gnu -Wl,--as-needed -fmacro-prefix-map=/home/vinh/Yocto/poky/build-vinh/tmp/work/cortexa8hf-neon-poky-linux-gnueabi/acl/2.3.1-r0=/usr/src/debug/acl/2.3.1-r0                      -fdebug-prefix-map=/home/vinh/Yocto/poky/build-vinh/tmp/work/cortexa8hf-neon-poky-linux-gnueabi/acl/2.3.1-r0=/usr/src/debug/acl/2.3.1-r0                      -fdebug-prefix-map=/home/vinh/Yocto/poky/build-vinh/tmp/work/cortexa8hf-neon-poky-linux-gnueabi/acl/2.3.1-r0/recipe-sysroot=                      -fdebug-prefix-map=/home/vinh/Yocto/poky/build-vinh/tmp/work/cortexa8hf-neon-poky-linux-gnueabi/acl/2.3.1-r0/recipe-sysroot-native=  -Wl,-z,relro,-z,now'
LIBICONV='-liconv'
LIBINTL=''
LIBOBJS=''
LIBS='-lattr '
LIBTOOL='$(SHELL) $(top_builddir)/libtool'
LIPO=''
LN_S='ln -s'
LTLIBICONV='-liconv'
LTLIBINTL=''
LTLIBOBJS=''
LT_REVISION='2301'
LT_SYS_LIBRARY_PATH=''
MAKEINFO='${SHELL} '\''/home/vinh/Yocto/poky/build-vinh/tmp/work/cortexa8hf-neon-poky-linux-gnueabi/acl/2.3.1-r0/acl-2.3.1/build-aux/missing'\'' makeinfo'
MANIFEST_TOOL=':'
MKDIR_P='/home/vinh/Yocto/poky/build-vinh/tmp/hosttools/mkdir -p'
MSGFMT='/home/vinh/Yocto/poky/build-vinh/tmp/work/cortexa8hf-neon-poky-linux-gnueabi/acl/2.3.1-r0/recipe-sysroot-native/usr/bin/msgfmt'
MSGMERGE='/home/vinh/Yocto/poky/build-vinh/tmp/work/cortexa8hf-neon-poky-linux-gnueabi/acl/2.3.1-r0/recipe-sysroot-native/usr/bin/msgmerge'
MSGMERGE_FOR_MSGFMT_OPTION='--for-msgfmt'
NM='arm-poky-linux-gnueabi-gcc-nm'
NMEDIT=''
OBJDUMP='arm-poky-linux-gnueabi-objdump'
OBJEXT='o'
OTOOL64=''
OTOOL=''
PACKAGE='acl'
PACKAGE_BUGREPORT='acl-devel@nongnu.org'
PACKAGE_NAME='acl'
PACKAGE_STRING='acl 2.3.1'
PACKAGE_TARNAME='acl'
PACKAGE_URL=''
PACKAGE_VERSION='2.3.1'
PATH_SEPARATOR=':'
POSUB='po'
RANLIB='arm-poky-linux-gnueabi-gcc-ranlib'
SED='sed'
SET_MAKE=''
SHELL='/bin/bash'
STRIP='arm-poky-linux-gnueabi-strip'
USE_NLS='yes'
VERSION='2.3.1'
XGETTEXT='/home/vinh/Yocto/poky/build-vinh/tmp/work/cortexa8hf-neon-poky-linux-gnueabi/acl/2.3.1-r0/recipe-sysroot-native/usr/bin/xgettext'
XGETTEXT_015='/home/vinh/Yocto/poky/build-vinh/tmp/work/cortexa8hf-neon-poky-linux-gnueabi/acl/2.3.1-r0/recipe-sysroot-native/usr/bin/xgettext'
XGETTEXT_EXTRA_OPTIONS=''
ac_ct_AR=''
ac_ct_CC=''
ac_ct_DUMPBIN=''
am__EXEEXT_FALSE=''
am__EXEEXT_TRUE='#'
am__fastdepCC_FALSE=''
am__fastdepCC_TRUE='#'
am__include='include'
am__isrc=' -I$(srcdir)'
am__leading_dot='.'
am__nodep=''
am__quote=''
am__tar='$${TAR-tar} chof - "$$tardir"'
am__untar='$${TAR-tar} xf -'
bindir='/usr/bin'
build='x86_64-pc-linux-gnu'
build_alias='x86_64-linux'
build_cpu='x86_64'
build_os='linux-gnu'
build_vendor='pc'
datadir='/usr/share'
datarootdir='${prefix}/share'
docdir='${datarootdir}/doc/${PACKAGE_TARNAME}'
dvidir='${docdir}'
exec_prefix='/usr'
host='arm-poky-linux-gnueabi'
host_alias='arm-poky-linux-gnueabi'
host_cpu='arm'
host_os='linux-gnueabi'
host_vendor='poky'
htmldir='${docdir}'
includedir='/usr/include'
infodir='/usr/share/info'
install_sh='${SHELL} /home/vinh/Yocto/poky/build-vinh/tmp/work/cortexa8hf-neon-poky-linux-gnueabi/acl/2.3.1-r0/acl-2.3.1/build-aux/install-sh'
libattr='-lattr'
libdir='/usr/lib'
libexecdir='/usr/libexec'
localedir='${datarootdir}/locale'
localstatedir='/var'
mandir='/usr/share/man'
mkdir_p='$(MKDIR_P)'
oldincludedir='/usr/include'
pdfdir='${docdir}'
prefix='/usr'
program_transform_name='s,x,x,'
psdir='${docdir}'
runstatedir='${localstatedir}/run'
sbindir='/usr/sbin'
sharedstatedir='/com'
sysconfdir='/etc'
target_alias='arm-poky-linux-gnueabi'

## ----------- ##
## confdefs.h. ##
## ----------- ##

/* confdefs.h */
#define PACKAGE_NAME "acl"
#define PACKAGE_TARNAME "acl"
#define PACKAGE_VERSION "2.3.1"
#define PACKAGE_STRING "acl 2.3.1"
#define PACKAGE_BUGREPORT "acl-devel@nongnu.org"
#define PACKAGE_URL ""
#define PACKAGE "acl"
#define VERSION "2.3.1"
#define HAVE_STDIO_H 1
#define HAVE_STDLIB_H 1
#define HAVE_STRING_H 1
#define HAVE_INTTYPES_H 1
#define HAVE_STDINT_H 1
#define HAVE_STRINGS_H 1
#define HAVE_SYS_STAT_H 1
#define HAVE_SYS_TYPES_H 1
#define HAVE_UNISTD_H 1
#define HAVE_WCHAR_H 1
#define STDC_HEADERS 1
#define _ALL_SOURCE 1
#define _DARWIN_C_SOURCE 1
#define _GNU_SOURCE 1
#define _HPUX_ALT_XOPEN_SOCKET_API 1
#define _NETBSD_SOURCE 1
#define _OPENBSD_SOURCE 1
#define _POSIX_PTHREAD_SEMANTICS 1
#define __STDC_WANT_IEC_60559_ATTRIBS_EXT__ 1
#define __STDC_WANT_IEC_60559_BFP_EXT__ 1
#define __STDC_WANT_IEC_60559_DFP_EXT__ 1
#define __STDC_WANT_IEC_60559_FUNCS_EXT__ 1
#define __STDC_WANT_IEC_60559_TYPES_EXT__ 1
#define __STDC_WANT_LIB_EXT2__ 1
#define __STDC_WANT_MATH_SPEC_FUNCS__ 1
#define _TANDEM_SOURCE 1
#define __EXTENSIONS__ 1
#define HAVE_VISIBILITY_ATTRIBUTE /**/
#define EXPORT __attribute__ ((visibility ("default"))) extern
#define _FILE_OFFSET_BITS 64
#define HAVE_DLFCN_H 1
#define LT_OBJDIR ".libs/"
#define ENABLE_NLS 1
#define HAVE_GETTEXT 1
#define HAVE_DCGETTEXT 1
#define HAVE_ATTR_ERROR_CONTEXT_H 1
#define HAVE_LIBATTR 1

configure: exit 0
